step,time_years,spot,log_return,simple_return,realized_volatility
0,0.0,100.00000000000004,0.0,0.0,0.047482541248099884
1,5.087505087505087e-05,100.04790770755241,0.00047896235474053554,0.0004790770755240814,0.047482541248099884
2,0.00010175010175010175,99.8848498596535,-0.001631127245333589,-0.0016297976802831515,0.15509318543725392
3,0.00015262515262515263,100.00262386451018,0.0011784031914671875,0.0011790977813168624,0.16742866695455286
4,0.0002035002035002035,100.15040954559258,0.0014767271364427863,0.0014778180348808956,0.1718171577755335
5,0.00025437525437525436,99.84434400336184,-0.003060738101751706,-0.003056058818125984,0.24623352681544267
6,0.00030525030525030525,99.64061395209866,-0.002042561245542364,-0.002040476636876676,0.24382780224183442
7,0.0003561253561253561,99.66068454074365,0.0002014095127787979,0.00020142979703652308,0.22851158868741048
8,0.000407000407000407,99.61132084026494,-0.0004954404046278943,-0.0004953176942966708,0.21377846239335627
9,0.0004578754578754579,99.6087747718946,-2.5560356877233327e-05,-2.5560030214144547e-05,0.20235896593786384
10,0.0005087505087505087,99.47560895244864,-0.0013377828719148945,-0.0013368884393053504,0.1960935002223171
11,0.0005596255596255596,99.61305426783912,0.0013807449907336095,0.0013816986579715529,0.20153407385178615
12,0.0006105006105006105,99.73478660628405,0.0012213059649135184,0.0012220520627503895,0.20208323139687712
13,0.0006613756613756613,99.74520130037507,0.00010441843525066204,0.00010442388704512418,0.19449953985387403
14,0.0007122507122507122,99.92187244486283,0.0017696577335501553,0.0017712245018752792,0.2003007187471423
15,0.0007631257631257631,99.99528343026371,0.0007344140964704998,0.0007346838445345671,0.19546266146417404
16,0.000814000814000814,99.8606217407245,-0.0013475880014930694,-0.0013466804125132903,0.19470063691597975
17,0.0008648758648758648,99.918502077035,0.0005794433054261747,0.0005796112151281729,0.1901479893010487
18,0.0009157509157509158,99.76835120053391,-0.0015038636979362269,-0.0015027334615700383,0.19065269813103689
19,0.0009666259666259666,99.90605242925078,0.0013792579123145,0.0013802095259654035,0.19144338021345209
20,0.0010175010175010174,99.89830608039077,-7.753933819686108e-05,-7.753633210005884e-05,0.18659826535665863
21,0.0010683760683760683,99.86941167149635,-0.0002892800640778984,-0.00028923822663451393,0.18224348717217745
22,0.001119251119251119,99.7628377092455,-0.0010677029658867625,-0.0010671331738826284,0.18047682703583776
23,0.0011701261701261702,99.95448655472272,0.0019192016016547513,0.0019210444477910649,0.18575692655804782
24,0.001221001221001221,99.93033226783965,-0.00024168205612611735,-0.00024165285337063303,0.1819530147474332
25,0.0012718762718762718,99.8632692248969,-0.0006713232552026913,-0.0006710979681624485,0.17915251947375507
26,0.0013227513227513227,99.80818385758984,-0.0005517600824168911,-0.0005516078908149868,0.17618895873283777
27,0.0013736263736263735,99.89166810260922,0.0008360972636013039,0.0008364468903523381,0.17455827186697942
28,0.0014245014245014244,99.94904781013147,0.0005742544389621085,0.0005744193546086684,0.17215405825752603
29,0.0014753764753764754,100.01388169672677,0.0006484590821615857,0.0006486693772056462,0.17001676538514676
30,0.0015262515262515263,100.0815983243873,0.0006768431774519221,0.0006770722874829271,0.1680139722766474
31,0.001577126577126577,100.4185839318716,0.0033614525533327303,0.0033671085706692416,0.18479853146554087
32,0.001628001628001628,100.35464389167002,-0.0006369379329740739,-0.0006367351310685443,0.18285002675738932
33,0.0016788766788766788,100.27409130234791,-0.0008030015597976682,-0.000802679240325288,0.181383598742581
34,0.0017297517297517296,100.14620723996568,-0.0012761589586301812,-0.001275345014064011,0.18156543693216598
35,0.0017806267806267804,100.24313471898682,0.0009673916350311476,0.0009678597092437347,0.18025523189592818
36,0.0018315018315018315,100.42096059845346,0.0017723741333585195,0.001773945716733616,0.18202632935750285
37,0.0018823768823768823,100.40308713663086,-0.00017800121122344553,-0.00017798536994773073,0.17967205132635486
38,0.0019332519332519332,100.27088715166506,-0.001317560032975603,-0.001316692431836075,0.18014907343960826
39,0.001984126984126984,100.14132442327285,-0.0012929625936846441,-0.0012921270776861116,0.18272666419292177
40,0.002035002035002035,100.24369175401645,0.001021706528776018,0.0010222286486940568,0.18380994226510816
41,0.0020858770858770857,100.36075543916287,0.0011671097034235496,0.0011677910409928494,0.18128844187060236
42,0.0021367521367521365,100.44641126131938,0.0008531152424392437,0.0008534792487533416,0.1804530068047761
43,0.0021876271876271874,100.34164946412221,-0.001043506335237072,-0.0010429620718317434,0.1794723030946648
44,0.002238502238502238,100.37829176188994,0.0003651086977297605,0.00036517535802294,0.16463430321219188
45,0.0022893772893772895,100.39675361476984,0.00018390585241646074,0.00018392276413448094,0.15679014710893543
46,0.0023402523402523403,100.43129277001808,0.0003439674508669447,0.00034402661445387395,0.15682636344665046
47,0.002391127391127391,100.56880091444667,0.001368239818799757,0.0013691762859557866,0.1581424747994819
48,0.002442002442002442,100.60417390091948,0.00035166738345231564,0.00035172922567561216,0.15803500416054264
49,0.002492877492877493,100.71148995267927,0.001066147162827311,0.0010667156997437033,0.15468217957520186
50,0.0025437525437525437,100.72225136121604,0.00010684812263077487,0.0001068538310946554,0.15278108477919475
51,0.0025946275946275945,100.76803868423715,0.00045448665341584935,0.00045458994812297426,0.15131030193829734
52,0.0026455026455026454,100.86799107074268,0.0009914140326399005,0.0009919056459826159,0.1521336520168786
53,0.002696377696377696,100.63769553178145,-0.0022857482894082797,-0.0022831379560208642,0.1587869294335298
54,0.002747252747252747,100.58730672348504,-0.0005008205619068962,-0.0005006951722227315,0.15898960403669943
55,0.002798127798127798,100.51317108385227,-0.0007372995211104781,-0.0007370277826068694,0.15658555081532527
56,0.0028490028490028487,100.41253585167384,-0.0010017159290207948,-0.001001214379103721,0.15844376655753592
57,0.0028998778998778996,100.36927277129377,-0.0004309462231297949,-0.0004308533791436142,0.15451538584708627
58,0.002950752950752951,100.6050807455426,0.002346648498516693,0.0023494040331066834,0.15991535350066433
59,0.0030016280016280017,100.46856700307836,-0.0013578483801084706,-0.0013569269211112234,0.16351933683260902
60,0.0030525030525030525,100.62141698448067,0.0015202150580387898,0.0015213711707224853,0.166054396978914
61,0.0031033781033781033,100.35613320151586,-0.0026399360206017415,-0.0026364544538836077,0.17569691770254978
62,0.003154253154253154,100.30349076210003,-0.0005246939028760691,-0.0005245562751020616,0.1714984940381115
63,0.003205128205128205,100.3291912125849,0.00025619405943715497,0.0002562268799379819,0.17136554517553118
64,0.003256003256003256,100.42160654978872,0.0009206971505183374,0.0009211211222464044,0.17137581565427
65,0.0033068783068783067,100.5338253139154,0.0011168523761788344,0.0011174762880448164,0.17197005153589065
66,0.0033577533577533575,100.65913986131349,0.0012457151620010399,0.0012464913874186134,0.173014036256814
67,0.0034086284086284084,100.604153569863,-0.000546411537654106,-0.0005462622820561203,0.17357586699735866
68,0.003459503459503459,100.53127081673824,-0.0007247132775036237,-0.000724450736262483,0.17434363053056023
69,0.00351037851037851,100.66679073722649,0.0013471296883899116,0.0013480374751784208,0.176067430943066
70,0.003561253561253561,100.63665674716282,-0.0002993887155474541,-0.0002993439032181744,0.15996801511908676
71,0.003612128612128612,100.435485297628,-0.0020009884473549946,-0.001998987804615271,0.16584580038269334
72,0.003663003663003663,100.25711604155033,-0.001777537406487424,-0.0017759585225186614,0.1697465077689969
73,0.003713878713878714,100.11265045652384,-0.0014419901024404667,-0.0014409509342627747,0.17042865291926731
74,0.0037647537647537647,100.19086323939388,0.0007809427343724087,0.0007812477495441339,0.16992702048348451
75,0.0038156288156288155,100.21333823472163,0.00022429664903878327,0.00022432180541298585,0.1649943237600065
76,0.0038665038665038664,100.32205903955627,0.001084305483864678,0.001084893555586497,0.16692232012918143
77,0.003917378917378918,100.25490225484077,-0.0006696361016896793,-0.0006694119454725422,0.16494049184729961
78,0.003968253968253968,100.27992724489592,0.0002495824814814607,0.00024961362978026536,0.16232010240387335
79,0.004019129019129019,100.37849798554761,0.0009824730605491367,0.00098295584530117,0.1621991423764755
80,0.00407000407000407,100.32986442365348,-0.0004846191983453139,-0.0004845017894286041,0.16046231060775495
81,0.004120879120879121,100.40188398732519,0.0007175702631206423,0.0007178277782533549,0.16011457776755947
82,0.004171754171754171,100.29773266359513,-0.001037882730593164,-0.0010373443165981877,0.16009587508206402
83,0.004222629222629223,100.24068990337463,-0.0005688960851373959,-0.0005687342944417084,0.16033317785080337
84,0.004273504273504273,100.18074236393738,-0.000598214876990054,-0.0005980359821448067,0.16074130950551307
85,0.004324379324379324,99.99301006967646,-0.001875693961060831,-0.0018739359464806649,0.16554229873130488
86,0.004375254375254375,100.06952952885754,0.0007649554290967743,0.0007652480821185303,0.16329040949680076
87,0.004426129426129426,99.99592775965459,-0.0007357769154255945,-0.0007355062979663707,0.16346428340025068
88,0.004477004477004476,99.99796864265748,2.0409452885859224e-05,2.040966116023668e-05,0.1610903635620585
89,0.004527879527879528,100.07351422461251,0.0007551859411711042,0.0007554711658686042,0.1623450068843784
90,0.004578754578754579,100.14373996312526,0.0007014953998597499,0.0007017415053016673,0.16292675840621712
91,0.004629629629629629,100.24843669677693,0.001044918468603703,0.001045464586106215,0.16312654061634402
92,0.004680504680504681,100.23302584103237,-0.00015373846120087984,-0.00015372664404922354,0.1555896250236336
93,0.004731379731379731,100.16655019731392,-0.0006634310059015061,-0.0006632109842108491,0.1558471337043038
94,0.004782254782254782,100.15410136340736,-0.00012428907180200922,-0.0001242813482352778,0.15517186562039506
95,0.004833129833129833,99.88934981987725,-0.0026469419172829444,-0.0026434418553608063,0.1642902488223512
96,0.004884004884004884,99.66285931872103,-0.0022699883843913617,-0.0022674139091367618,0.1710581822871363
97,0.004934879934879934,99.4562970470449,-0.0020747611585358477,-0.002072610329346136,0.16598623038796684
98,0.004985754985754986,99.30086257988833,-0.001564064400345518,-0.001562841889066524,0.16673247281305173
99,0.005036630036630036,99.36325552087177,0.0006281249339968406,0.0006283222457732496,0.16285323073597638
100,0.005087505087505087,99.22225353102954,-0.0014200634699936027,-0.0014190556569734225,0.15603448234640327
101,0.005138380138380138,99.16347139660755,-0.0005926044947410747,-0.0005924289393774984,0.15609444992285096
102,0.005189255189255189,99.36592544037812,0.002039537893887504,0.0020416191660017624,0.16426123129575187
103,0.00524013024013024,99.31047073802677,-0.000558241490767093,-0.0005580857029765518,0.16216345671997526
104,0.005291005291005291,99.4255492899735,0.0011581047541611737,0.001158775616423302,0.16235049499238732
105,0.005341880341880342,99.28007511262385,-0.0014642182754272246,-0.0014631468308549112,0.16052949653847542
106,0.005392755392755392,99.24815510658718,-0.0003215664218288313,-0.0003215147248885053,0.16046924125033077
107,0.005443630443630444,99.1003894519171,-0.0014899598314206345,-0.0014888503923459195,0.16230769831917133
108,0.005494505494505494,99.04776101026978,-0.0005312029687091206,-0.0005310619053909837,0.1574483369661229
109,0.005545380545380545,99.17853143824851,0.0013194056684835405,0.0013202764670792178,0.16218988051116048
110,0.005596255596255596,98.91015239013694,-0.0027096874706525466,-0.002706019581250829,0.16658745411438625
111,0.005647130647130647,98.97768125449483,0.0006824963994548172,0.000682729353116196,0.16515551374753873
112,0.005698005698005697,99.01469155178559,0.0003738557924959931,0.00037392568528238357,0.16385357553892604
113,0.005748880748880749,98.9224993985636,-0.0009315294356357441,-0.0009310956967816253,0.16260855978426067
114,0.005799755799755799,98.6983644827424,-0.0022683334899284836,-0.0022657627656383905,0.16778621950734565
115,0.00585063085063085,98.70961561413104,0.00011398861783841587,0.00011399511478771274,0.1647610819103776
116,0.005901505901505902,98.62771371743855,-0.0008300700295530764,-0.0008297256167282274,0.16492838363230428
117,0.005952380952380952,98.66380984416682,0.0003659166544959112,0.00036598361016149106,0.1651929994124048
118,0.006003256003256003,98.66727240878518,3.509396065947924e-05,3.509457645978209e-05,0.1623880129806332
119,0.006054131054131054,98.91566334925167,0.00251429679762253,0.00251746029258193,0.17540502220378165
120,0.006105006105006105,98.8785976678688,-0.0003747902656644258,-0.0003747200405662676,0.17362623676674718
121,0.006155881155881155,98.71999947174162,-0.0016052566412920128,-0.0016039689059905715,0.17517825587114133
122,0.006206756206756207,98.74785439420722,0.00028212108558456865,0.00028216088548083107,0.1758109946216503
123,0.006257631257631257,98.78202904752287,0.00034602008628934817,0.00034607995814472936,0.17649454231684775
124,0.006308506308506308,98.99301788949634,0.0021336253008907317,0.002135903099054204,0.18156923079700743
125,0.006359381359381359,99.12290770049684,0.0013112507661815114,0.0013121108313467467,0.183564073298476
126,0.00641025641025641,99.17851159329992,0.0005608017780043814,0.0005609590567208222,0.18407340782394294
127,0.0064611314611314604,99.40658666250759,0.0022970018545400363,0.0022996419843739346,0.1924550310039152
128,0.006512006512006512,99.22140688497885,-0.0018645894556210503,-0.001862852188633024,0.195036101715416
129,0.006562881562881563,99.12192909184576,-0.0010030869046768836,-0.0010025839811804715,0.19462734981695926
130,0.006613756613756613,98.97799283789858,-0.0014531684603826354,-0.00145211312235205,0.19402309262212977
131,0.006664631664631665,98.91754750484465,-0.0006108812237912973,-0.0006106946738451136,0.19408331923246772
132,0.006715506715506715,98.7041678915495,-0.002159476207247055,-0.002157146215990946,0.19823944564081883
133,0.006766381766381766,98.8026719874621,0.0009974753698678647,0.0009979730138733878,0.20056540468248438
134,0.006817256817256817,98.76830397629976,-0.00034790546882032064,-0.00034784495673034765,0.1934512553664403
135,0.006868131868131868,98.54069153191881,-0.0023071684568690383,-0.0023045089893978243,0.19364985427884565
136,0.006919006919006918,98.38385778578053,-0.001592831161379827,-0.0015915632790889367,0.19164464244864213
137,0.00696988196988197,98.43234996640955,0.0004927661412043407,0.0004928875703837932,0.19006130063517127
138,0.00702075702075702,98.56197047450851,0.0013159823746732142,0.001316848659441927,0.19227332559379465
139,0.007071632071632071,98.87135326660261,0.0031340509238111203,0.003138967196015141,0.20422949970380844
140,0.007122507122507122,99.32454754244382,0.004573203218029546,0.004583676270913051,0.2290801298952036
141,0.007173382173382173,99.38923785235305,0.0006510903314123595,0.0006513023367311632,0.2248989207206663
142,0.007224257224257224,99.23510856991624,-0.001551967985289092,-0.0015507643057466325,0.227282416316851
143,0.007275132275132275,98.90374358053073,-0.0033447786208415553,-0.0033391910802618163,0.2374675671003171
144,0.007326007326007326,98.94538029160185,0.00042089356648060297,0.00042098215460595334,0.23577424804045027
145,0.007376882376882376,98.81931975220556,-0.0012748539698111906,-0.001274041688705596,0.23723247262890998
146,0.007427757427757428,98.75501227313025,-0.0006509699988559398,-0.0006507581638548476,0.23545097678668045
147,0.007478632478632478,98.66028339814255,-0.0009596914153594664,-0.0009592310588316666,0.23606246884082632
148,0.007529507529507529,98.63856833046484,-0.0002201236101994564,-0.00022009938477518531,0.233791737291203
149,0.00758038258038258,98.8037809137831,0.00167352771591134,0.0016749288449195987,0.22954137912452996
150,0.007631257631257631,98.82821244031297,0.0002472426274679835,0.0002472731944453965,0.22905236657617087
151,0.0076821326821326814,98.8036938178586,-0.00024812413182054754,-0.0002480933515739414,0.22889838399183016
152,0.007733007733007733,98.64333407992376,-0.0016243321046732428,-0.001623013591277922,0.2307917292535938
153,0.007783882783882783,98.38452932834014,-0.002627089346185617,-0.002623641566838142,0.2326900742335025
154,0.007834757834757835,98.30955889448694,-0.0007623049392190824,-0.0007620144586252264,0.2331401313751626
155,0.007885632885632885,98.30134143053611,-8.359113296408021e-05,-8.358763932270197e-05,0.23253936668414923
156,0.007936507936507936,98.57450837370274,0.0027750190664520414,0.0027788729959463687,0.24108804540405707
157,0.007987382987382987,98.59474080772226,0.0002052291031647448,0.0002052501640978921,0.24113958182956552
158,0.008038258038258039,98.7469807726819,0.001542907338010818,0.0015440982319385732,0.23680843524092035
159,0.008089133089133088,98.66972322305381,-0.0007826850718137783,-0.0007823788537489884,0.23727995200378577
160,0.00814000814000814,98.48650635903903,-0.0018585962730659161,-0.0018568701525654152,0.23820291356651782
161,0.00819088319088319,98.33754539137935,-0.0015136462721463536,-0.0015125012874012134,0.24026860264827998
162,0.008241758241758242,98.22577826370235,-0.0011372125546512384,-0.001136566173501441,0.24112863837881177
163,0.008292633292633292,98.55447713788952,0.003340773994091414,0.003346360598993625,0.24844074973710997
164,0.008343508343508343,98.42761018390219,-0.0012881066827330032,-0.0012872774294137024,0.24758016623090132
165,0.008394383394383394,98.55728053383648,0.0013165514186561536,0.0013174184529318733,0.2493258469025538
166,0.008445258445258445,98.41781636855113,-0.0014160590935934202,-0.0014150569550001046,0.24427376796726136
167,0.008496133496133497,98.56186930653271,0.0014626174589354598,0.001463687605525843,0.24436308009666144
168,0.008547008547008546,98.62150391044858,0.0006048644443102879,0.0006050474116965354,0.24419720402946168
169,0.008597883597883597,98.59734553262587,-0.0002449905575641522,-0.00024496054982814375,0.24230944284393308
170,0.008648758648758649,98.59111829527424,-6.316026031950831e-05,-6.315826575220562e-05,0.24202252705692176
171,0.0086996336996337,98.48994856367383,-0.0010266814778250152,-0.0010261546207167571,0.23830709402392805
172,0.00875050875050875,98.5589920644927,0.0007007751822900531,0.000701020782585049,0.23772120164335575
173,0.0088013838013838,98.48872967690248,-0.0007131510067430624,-0.000712896775002636,0.23808851054056104
174,0.008852258852258852,98.2995765583368,-0.0019224026105783395,-0.0019205559781929615,0.2363711391698518
175,0.008903133903133903,98.10273034164202,-0.0020045210844442684,-0.0020025133737787693,0.23792515001297873
176,0.008954008954008953,98.12938129143355,0.0002716267967930601,0.00027166369069187013,0.23770466076893468
177,0.009004884004884004,98.37291585861905,0.002478695622451808,0.002481770128176075,0.24261673749351512
178,0.009055759055759055,98.39769526237258,0.00025186082152634155,0.00025189254112589765,0.23142606950573247
179,0.009106634106634107,98.37945775242282,-0.0001853620679292449,-0.00018534488944255134,0.20457557516950092
180,0.009157509157509158,98.42367143534771,0.0004493189092187489,0.00044941986808022527,0.2041680828125687
181,0.009208384208384207,98.62566335721615,0.0020501667040073563,0.0020522697327054473,0.2082632976443614
182,0.009259259259259259,98.65970063752823,0.0003450563180209831,0.0003451158568001933,0.19511706792092512
183,0.00931013431013431,98.59618242590139,-0.000644018447873264,-0.0006438111125043333,0.19521461872020862
184,0.009361009361009361,98.76757102527293,0.0017367793169309653,0.0017382883916456926,0.19746007072521285
185,0.00941188441188441,98.83412361798793,0.0006736034865651016,0.0006738304083424573,0.19748701555566717
186,0.009462759462759462,99.07266990437769,0.00241069442507819,0.0024136024852290383,0.20324495384510075
187,0.009513634513634513,99.10123996222731,0.0002883331924647978,0.0002883747644750745,0.20314222489597153
188,0.009564509564509565,98.91108691555134,-0.001920618863754216,-0.0019187756555666402,0.20494134511161066
189,0.009615384615384614,98.69904186143023,-0.002146095818252048,-0.0021437946011266806,0.210581689827926
190,0.009666259666259665,98.95514431322083,0.002591420906055424,0.0025947815395233054,0.21858187343647065
191,0.009717134717134717,99.22323591924452,0.00270556020536935,0.0027092235364243322,0.2231032865927668
192,0.009768009768009768,99.195368457579,-0.00028089565427868334,-0.00028085620678797163,0.21402836046398976
193,0.00981888481888482,99.13582058079791,-0.0006004893013462546,-0.0006003090437284309,0.2136784814803723
194,0.009869759869759869,99.36350768265405,0.0022940853624496887,0.002296718789658758,0.21857330019790347
195,0.00992063492063492,99.19112661349386,-0.0017363594970340132,-0.0017348528970084764,0.21532925876728115
196,0.009971509971509971,99.0520400732585,-0.0014031914984117477,-0.0014022074855277733,0.2181630371222327
197,0.010022385022385023,99.15216339541053,0.0010103048161059908,0.001010815345932503,0.21668716181563435
198,0.010073260073260072,99.09086605949425,-0.0006184059841926782,-0.0006182148106217422,0.21637020480924338
199,0.010124135124135123,99.09014930332798,-7.233348411196405e-06,-7.233322250610463e-06,0.2116001986251992
200,0.010175010175010175,99.06481827351058,-0.0002556688864793666,-0.0002556362059747963,0.20832294215776553
201,0.010225885225885226,99.11738827428483,0.0005305219164020088,0.000530662668043469,0.20618491748510318
202,0.010276760276760276,99.33662113679758,0.002209408137886473,0.0022118506785715475,0.19879231623560734
203,0.010327635327635327,99.35082218444212,0.00014294861750015528,0.00014295883514070518,0.19581488158787413
204,0.010378510378510378,99.45134302730634,0.0010112651572351983,0.001011776658250918,0.19506471129539077
205,0.01042938542938543,99.13199125523433,-0.003216302601857196,-0.0032111358414165236,0.20676594670112922
206,0.01048026048026048,99.12449274607052,-7.564452890548645e-05,-7.564166793028182e-05,0.2047247129591456
207,0.01053113553113553,98.99349879412327,-0.0013223833940365476,-0.0013215094303968833,0.2070488622353148
208,0.010582010582010581,98.80442939215251,-0.0019117435787941468,-0.0019099173609773423,0.21179770583518728
209,0.010632885632885633,98.66845129165182,-0.0013771827455144985,-0.0013762348645423028,0.21421366306599784
210,0.010683760683760684,98.61681199099812,-0.0005234988257492955,-0.0005233618241468063,0.21323740813995287
211,0.010734635734635734,98.75872769716668,0.0014380275372389737,0.0014390619946378358,0.2150661495525813
212,0.010785510785510785,98.55346820144352,-0.002080556336934119,-0.0020783934798406234,0.2197227693353859
213,0.010836385836385836,98.55828466761855,4.887041087968047e-05,4.8871605057732026e-05,0.21513209132460934
214,0.010887260887260887,98.48351230744352,-0.0007589492677394564,-0.0007586613385898167,0.2106986592186206
215,0.010938135938135937,98.43296611144557,-0.0005133770166304794,-0.0005132452611975591,0.21110325337616018
216,0.010989010989010988,98.58805312975126,0.0015743198460211039,0.0015755597380866515,0.20671680386387598
217,0.01103988603988604,98.67141580153934,0.0008452083664462187,0.0008455656556918267,0.2074355150782264
218,0.01109076109076109,98.87878748462319,0.0020994335191998103,0.002101638872811673,0.21225932477619627
219,0.011141636141636142,98.85489683582963,-0.00024164470501708286,-0.00024161551128687453,0.21228814590407805
220,0.011192511192511191,98.74707915212925,-0.0010912612979792327,-0.0010906660888981845,0.20914468668031128
221,0.011243386243386243,98.71247704586001,-0.0003504728491215,-0.00035041144068670427,0.209188268489811
222,0.011294261294261294,98.75012595594659,0.0003813269952945686,0.00038139970967554504,0.20878677527522402
223,0.011345136345136345,98.77757052349281,0.00027788070444706496,0.00027791931686649285,0.2051919406029424
224,0.011396011396011395,98.60971188241112,-0.001700805436904661,-0.0016993598869867732,0.20807916075453778
225,0.011446886446886446,98.62379429043153,0.00014279934801694917,0.00014280954432921433,0.20024102657082277
226,0.011497761497761497,98.65920038211421,0.0003589370905648524,0.00035900151619028264,0.20032110777322418
227,0.011548636548636549,99.04979327401655,0.003951195065420821,0.003959011327778539,0.21571967734925887
228,0.011599511599511598,99.34201693346793,0.002945926754575866,0.0029502702609673914,0.21933646732089096
229,0.01165038665038665,99.20917669373654,-0.0013380958041644927,-0.0013372009531505968,0.21455308785959254
230,0.0117012617012617,99.16452725377006,-0.0004501548323389405,-0.00045005352785387753,0.2059951155693188
231,0.011752136752136752,98.93714501668128,-0.002295612493709682,-0.002292979590442945,0.2122112150674296
232,0.011803011803011803,98.84555909069898,-0.0009261268111562103,-0.0009256980880818499,0.21276000925368643
233,0.011853886853886853,98.89460335217238,0.0004960475593137378,0.0004961706112500686,0.20612884883737154
234,0.011904761904761904,99.08198966862767,0.0018930154272722784,0.001894808312117302,0.2075184130838621
235,0.011955636955636955,98.96877731421095,-0.0011432661278986786,-0.001142612848160307,0.20670804365388265
236,0.012006512006512007,98.86731953130506,-0.0010256752273036477,-0.0010251494022582852,0.20650425327974098
237,0.012057387057387056,98.53482580213662,-0.003368697366873703,-0.003363029671934803,0.21910259374587543
238,0.012108262108262107,98.50975683858628,-0.00025444966159035316,-0.0002544172920206922,0.21909289605816046
239,0.012159137159137159,98.34574429224728,-0.0016663246223465793,-0.001664937074281947,0.2217158683270644
240,0.01221001221001221,98.26415252468153,-0.0008299864205272032,-0.0008296420770714796,0.22154279061111615
241,0.01226088726088726,98.12911685465502,-0.00137515599931922,-0.0013742109055747687,0.21573567061607538
242,0.01231176231176231,98.11468195683267,-0.0001471118877214643,-0.0001471010672983164,0.21551632545887217
243,0.012362637362637362,97.84451286241418,-0.0027574033037693025,-0.002753605159087069,0.2200254274628596
244,0.012413512413512413,97.61960543214991,-0.002301266661958353,-0.002298620777851146,0.2149044239992134
245,0.012464387464387465,97.94639531379397,0.003341993849187747,0.00334758453691153,0.23064487914172885
246,0.012515262515262514,97.74880146638692,-0.002019404848019093,-0.0020173672218771754,0.23275397555149127
247,0.012566137566137565,97.5807927166397,-0.0017202594607553258,-0.0017187806625429403,0.23211733202333965
248,0.012617012617012617,97.86255022711734,0.0028832673594984363,0.0028874279725905616,0.2415887704924283
249,0.012667887667887668,98.30976364697169,0.004559401739730322,0.004569811626781828,0.2640822613122254
250,0.012718762718762718,98.12927501568495,-0.0018376050229614656,-0.0018359176605780014,0.2645811785236478
251,0.012769637769637769,98.07266602956139,-0.0005770481922128375,-0.0005768817319248276,0.26107735387793224
252,0.01282051282051282,98.12532251352833,0.0005367688590717269,0.0005369129452550414,0.2614752767522112
253,0.012871387871387871,98.3919428501102,0.0027134562419121573,0.00271714099635334,0.2685619262996446
254,0.012922262922262921,98.23977343687574,-0.0015477609257102808,-0.00154656376148965,0.2705339212508599
255,0.012973137973137972,98.20204842155476,-0.0003840833426179783,-0.00038400959205331375,0.26801110517945154
256,0.013024013024013023,98.32198633620418,0.001220592989432111,0.0012213382162304942,0.2688275829012731
257,0.013074888074888075,98.38916651062058,0.0006830337381083171,0.0006832670587708645,0.2647069913329142
258,0.013125763125763126,98.33118752120157,-0.0005894559450463864,-0.0005892822500209727,0.26489981344655694
259,0.013176638176638176,98.31061980806584,-0.0002091896274758773,-0.0002091677488513799,0.26399342971226614
260,0.013227513227513227,98.09882502300708,-0.002156666827633934,-0.0021543428926825703,0.2679167572989475
261,0.013278388278388278,98.06224729319024,-0.00037293566770291555,-0.00037286613584064376,0.2676635974711609
262,0.01332926332926333,98.02134343783874,-0.00041720835274709474,-0.0004171213334444035,0.2675043941740833
263,0.013380138380138379,98.05713973516025,0.000365122140276234,0.00036518880547831145,0.2655104715474787
264,0.01343101343101343,97.97180743375712,-0.0008706092444546802,-0.0008702303741837669,0.26591849521665767
265,0.013481888481888481,98.04440562593581,0.0007407366397402074,0.0007410110528767166,0.2664489883761623
266,0.013532763532763533,98.20041490844498,0.001589945813085634,0.0015912104470743316,0.25251079824414785
267,0.013583638583638582,98.2244476606664,0.00024470173507582736,0.00024473167698757514,0.24205318011108665
268,0.013634513634513633,98.2787587803335,0.0005527759270059332,0.0005529287357737278,0.24154021637355394
269,0.013685388685388685,98.28703563367806,8.421458447687303e-05,8.4218130624647e-05,0.24159946888072556
270,0.013736263736263736,98.28712765539763,9.362544700349515e-07,9.362549082680971e-07,0.23688799374355687
271,0.013787138787138787,98.17598291364686,-0.001131456722700251,-0.0011308168668884289,0.23727198521808762
272,0.013838013838013837,98.22483201526346,0.0004974429728466435,0.0004975667181201793,0.2372740264621908
273,0.013888888888888888,98.20991700148166,-0.0001518571829592515,-0.0001518456532408896,0.2324504282739494
274,0.01393976393976394,98.53310444637602,0.00328537940726379,0.003290782181289309,0.24437412827556595
275,0.01399063899063899,98.7767518265499,0.0024696942019822943,0.002472746408863191,0.25015306699307754
276,0.01404151404151404,98.8366553439749,0.0006062697882447915,0.0006064536069187998,0.23829349479775308
277,0.014092389092389091,98.71846042873693,-0.0011965767515377515,-0.0011958611390334717,0.23990743596142
278,0.014143264143264143,98.54636866409115,-0.0017447794327538223,-0.001743258189992325,0.24020476532583954
279,0.014194139194139194,98.73081603282817,0.0018699316169381438,0.001871681029321337,0.24270980213152393
280,0.014245014245014244,98.77161083803257,0.0004131068810735363,0.0004131922214722916,0.24031436144427817
281,0.014295889295889295,98.84613637209513,0.0007542393195720714,0.0007545238295727508,0.2405561173602479
282,0.014346764346764346,98.57598604369784,-0.0027367803943109206,-0.002733038824910494,0.2404258050411398
283,0.014397639397639397,98.7196300115666,0.0014561296000549376,0.0014571902715236895,0.2350157298823902
284,0.014448514448514449,98.79012864629748,0.0007138749822175386,0.000714129851607348,0.22451792747037091
285,0.014499389499389498,98.61821847297655,-0.0017416712037340912,-0.0017401553745961529,0.22316756901272733
286,0.01455026455026455,98.54535594130157,-0.0007391074665632839,-0.0007388343939205289,0.21980074613932296
287,0.0146011396011396,98.58622386246302,0.00041462582289055546,0.00041471179205831987,0.21133966094032963
288,0.014652014652014652,98.59442008221217,8.313412097552466e-05,8.313757671229993e-05,0.18580675959607734
289,0.014702889702889702,98.5493069120384,-0.0004576678309674593,-0.0004575631170210537,0.18098263922480795
290,0.014753764753764753,98.53338373714128,-0.00016158877148841083,-0.00016157571672603677,0.18040681826558774
291,0.014804639804639804,98.49451051127902,-0.0003945961714192741,-0.00039451832858916625,0.18050598441466756
292,0.014855514855514855,98.51817204573244,0.00024020316113676588,0.0002402320122261159,0.17020273555157722
293,0.014906389906389905,98.74599746931246,0.0023098520672598494,0.0023125218307367135,0.1736694625309317
294,0.014957264957264956,98.34916984647049,-0.004026767012653091,-0.004018670457658691,0.19695879151121934
295,0.015008140008140007,98.31270294604717,-0.0003708588789828239,-0.00037079011932905637,0.1952507892221837
296,0.015059015059015059,98.34001654184283,0.00027778508268159514,0.00027782366853035256,0.19472614225293472
297,0.01510989010989011,98.38578225861035,0.00046527418236195014,0.0004653824391833705,0.19455011035258465
298,0.01516076516076516,98.32845970573432,-0.0005828002479750879,-0.0005826304528977477,0.19495243273614565
299,0.01521164021164021,98.05785683985623,-0.002755823744721512,-0.002752029948277168,0.19881413795331707
300,0.015262515262515262,98.1084177699058,0.0005154905578931925,0.0005156234459839926,0.19897725486327447
301,0.015313390313390313,98.37478417280649,0.002711341869909789,0.0027150208815456267,0.20769117739581008
302,0.015364265364265363,98.13836778255427,-0.0024061138092646085,-0.0024032214376897842,0.2149977405135598
303,0.015415140415140414,98.27156441341629,0.0013563127871561603,0.0013572329953275286,0.21602968476464032
304,0.015466015466015465,98.22099566231678,-0.0005147141672592554,-0.0005145817246465789,0.21587699921743875
305,0.015516890516890517,98.21162330904056,-9.542563075685867e-05,-9.542107787618992e-05,0.21293839788238672
306,0.015567765567765566,98.04957122530155,-0.0016513923799473596,-0.001650029581825807,0.21605664044267028
307,0.015618640618640618,97.99820465614187,-0.000524020944426872,-0.0005238836694311244,0.21586611172698544
308,0.01566951566951567,98.19840545358647,0.002040818817593386,0.0020429027056880766,0.2210123956665806
309,0.01572039072039072,98.2883079150148,0.000915099714995948,0.00091551854648797,0.2220144846344476
310,0.01577126577126577,98.55593001362232,0.0027191272278603955,0.002722827407293904,0.22859312966824957
311,0.015822140822140823,98.73826777855808,0.0018483849894191857,0.0018500943059498454,0.2318004360824415
312,0.015873015873015872,98.80640227396734,0.000689813580825995,0.0006900515569308041,0.23203416640198676
313,0.01592389092389092,99.07724206317364,0.0027373657811308565,0.0027411157877732517,0.22850961320812468
314,0.015974765974765975,99.14559591861847,0.0006896668300198927,0.0006899047048698481,0.22254369683657044
315,0.016025641025641024,99.27457628728591,0.001300073328233194,0.0013009187899102326,0.22390816022586862
316,0.016076516076516077,99.22846682058851,-0.0004645718957730387,-0.0004644639989591637,0.22229021085949238
317,0.016127391127391127,99.23890885933311,0.00010522675294586047,0.00010523228947478813,0.21804979841728409
318,0.016178266178266176,99.13044193756572,-0.0010935855981937521,-0.0010929878513791236,0.21630919832183526
319,0.01622914122914123,99.28457540722708,0.0015536475285808605,0.0015548550641830694,0.2186561470462009
320,0.01628001628001628,99.10124943614214,-0.0018481766367401545,-0.0018464698099676102,0.2226002237597013
321,0.016330891330891332,99.22306606246018,0.001228458964613353,0.0012292138294023314,0.2144237077111415
322,0.01638176638176638,99.19346592570946,-0.0002983636159108338,-0.0002983191099136251,0.21258055184554406
323,0.01643264143264143,99.37602185114486,0.0018387112633687398,0.0018404027294707248,0.21567573835416742
324,0.016483516483516484,99.49326112537253,0.0011790587873086965,0.0011797541503850706,0.2123552771823975
325,0.016534391534391533,99.77799372812656,0.002857740788957456,0.002861828022656665,0.21913939697830007
326,0.016585266585266583,99.89255739452251,0.0011475270471625765,0.0011481857082442648,0.21992157547302493
327,0.016636141636141636,99.6465234757629,-0.002466023621736096,-0.002462985483371427,0.2287170274791811
328,0.016687016687016686,99.63613503805111,-0.00010425832130800943,-0.00010425288659809961,0.22827087340466998
329,0.01673789173789174,99.45314254337808,-0.0018382963505499434,-0.001836607718707417,0.23300776954572433
330,0.016788766788766788,99.3723721749051,-0.0008124749283871881,-0.000812144960002259,0.23378239424932393
331,0.016839641839641838,99.60838374199925,0.002372206062676363,0.002375021969675206,0.23869034344562684
332,0.01689051689051689,99.70816304529143,0.0010012145327189957,0.0010017159153057342,0.23471494122155717
333,0.01694139194139194,99.59894776750443,-0.0010959497458293945,-0.0010953494122385443,0.21553946895615153
334,0.016992266992266993,99.44072024344314,-0.0015899097800280693,-0.0015886465430400287,0.21927674082095733
335,0.017043142043142043,99.44591567033359,5.2245108050990354e-05,5.2246472850514536e-05,0.21934303207623818
336,0.017094017094017092,99.25633308405746,-0.0019082083367565974,-0.001906388864722941,0.22474926843124998
337,0.017144892144892145,99.15193643982337,-0.0010523417609441966,-0.0010517882435334691,0.22586759468580445
338,0.017195767195767195,99.20057301883253,0.0004904054918853391,0.0004905257603178281,0.21530040378498852
339,0.017246642246642244,99.38065696901968,0.0018137061550491862,0.001815351914882024,0.2179381133486119
340,0.017297517297517297,99.4757168021505,0.0009560653105449047,0.0009565224866689981,0.21148588506376953
341,0.017348392348392347,99.1187772196128,-0.0035946612583401863,-0.0035882081980633806,0.22078868872108454
342,0.0173992673992674,99.1662082352766,0.00047841258842281953,0.00047852704597706186,0.21939861736177613
343,0.01745014245014245,99.17749776845694,0.000113838078556254,0.00011384455835616869,0.2187443150448834
344,0.0175010175010175,99.24201145786972,0.0006502756905069526,0.0006504871655803601,0.2187784749599236
345,0.017551892551892552,99.49410226267842,0.002536941427458466,0.002540162186411399,0.21997801554918683
346,0.0176027676027676,99.17257979964556,-0.0032368058942614996,-0.0032315730854476366,0.23371442796670616
347,0.017653642653642655,99.08071429955889,-0.0009267488550849757,-0.0009263195559925386,0.23180433185283517
348,0.017704517704517704,99.17270856151895,0.0009280472158821664,0.000928477984947218,0.23182432570062195
349,0.017755392755392754,98.92696447085511,-0.0024810158740531467,-0.0024779406978822083,0.23233386077716775
350,0.017806267806267807,99.15642873256822,0.002316846058065799,0.002319532019813497,0.2343901164635818
351,0.017857142857142856,99.213839544039,0.0005788247762375855,0.0005789923276244835,0.23426090672886513
352,0.017908017908017906,99.3458075931949,0.0013292536574262739,0.0013301375066456789,0.22813066647118463
353,0.01795889295889296,99.25692151913373,-0.0008951143863259618,-0.0008947138909489727,0.2286755421335145
354,0.018009768009768008,99.38382835203873,0.0012777524274704293,0.0012785691009018496,0.22861189472663018
355,0.01806064306064306,99.55067837142262,0.001677437074698717,0.0016788447592592792,0.2312658247932902
356,0.01811151811151811,99.58714382494188,0.0003662333305110116,0.0003663004021248195,0.23135294266447995
357,0.01816239316239316,99.62386070404358,0.0003686230045797082,0.0003686909543885175,0.22980782437607683
358,0.018213268213268213,99.66621216766468,0.00042502332051383673,0.0004251136557229529,0.22757031684741325
359,0.018264143264143263,99.53136064930442,-0.0013539476114472185,-0.0013530314379102126,0.22564596358814634
360,0.018315018315018316,99.5084017632614,-0.00023069647859837777,-0.0002306698702119192,0.22428198437362493
361,0.018365893365893365,99.48466857884384,-0.00023853277392302583,-0.00023850432724281667,0.22423467073968834
362,0.018416768416768415,99.54461829383511,0.0006024210581899001,0.0006026025501986165,0.2208981117296119
363,0.018467643467643468,99.70099782817371,0.001569716508621461,0.0015709491584661173,0.22210771826590303
364,0.018518518518518517,99.53560769554477,-0.0016602387918043654,-0.0016588613577767086,0.2156676506710594
365,0.018569393569393567,99.516164427632,-0.00019535890353706054,-0.0001953398222290792,0.2138704692695792
366,0.01862026862026862,99.74785724865883,0.00232548679377074,0.002328192835399534,0.21346563344849226
367,0.01867114367114367,99.63161641171334,-0.0011660262511652962,-0.0011653467067039847,0.21512533303048598
368,0.018722018722018723,99.50322807954198,-0.001289461422873972,-0.001288630424711834,0.2130437240711716
369,0.018772893772893772,99.53490105358063,0.00031826036994880353,0.00031831102015345003,0.21228873967087034
370,0.01882376882376882,99.66695227478871,0.0013258033330968942,0.0013266825988709208,0.2075951408590351
371,0.018874643874643875,99.66881939918872,1.873346047621415e-05,1.8733635948509075e-05,0.20634902602435717
372,0.018925518925518924,99.87696487924059,0.00208619346477752,0.002088371080409601,0.2100211366688928
373,0.018976393976393977,100.01141728727801,0.0013452750665888696,0.001346180354999671,0.20834145007307403
374,0.019027269027269027,100.14369759882639,0.0013217781707205744,0.0013226521044933381,0.20998658080463184
375,0.019078144078144076,100.23089230452538,0.0008703170521257964,0.0008706958879058924,0.20490224383479355
376,0.01912901912901913,100.5977385514816,0.003653330238938927,0.0036600117840086543,0.21633910182708518
377,0.01917989417989418,100.56543843105604,-0.0003211335313716117,-0.00032108197351821133,0.21687427326472225
378,0.01923076923076923,100.24984740237278,-0.0031431002593838952,-0.003138165890855804,0.22784609051036428
379,0.01928164428164428,100.50261281210602,0.0025181812769185636,0.0025213545584639174,0.23308349881201584
380,0.01933251933251933,100.43053680392269,-0.0007174128451417491,-0.0007171555660753226,0.21683319251980315
381,0.019383394383394384,100.44762034367865,0.00017008857547940782,0.00017010304136122478,0.2168397456357928
382,0.019434269434269433,100.65432649305855,0.0020557356646938455,0.0020578501379397984,0.2201984954177477
383,0.019485144485144483,100.40165521336037,-0.002513443376043093,-0.0025102873219822186,0.22944302088804244
384,0.019536019536019536,100.20473336997387,-0.0019632665542583514,-0.0019613406070655426,0.2289692101553143
385,0.019586894586894586,99.9533446583685,-0.002511903054455733,-0.002508750865861331,0.22389173273864033
386,0.01963776963776964,99.82894566773454,-0.0012453456861297625,-0.0012445705649887229,0.22483414646955435
387,0.019688644688644688,99.89791899291706,0.0006906765200723079,0.0006909150920222373,0.22449558025332747
388,0.019739519739519738,99.98020414902821,0.0008233533461912429,0.000823692394603448,0.2162902812915408
389,0.01979039479039479,100.0236379910506,0.00043433008326664496,0.0004344244182343804,0.21115006705802758
390,0.01984126984126984,99.80222182564995,-0.0022160921135978796,-0.0022136383943605065,0.21792967743640596
391,0.01989214489214489,99.44117486984489,-0.0036241838573351903,-0.0036176244296026727,0.2320021355749676
392,0.019943019943019943,99.44973661098123,8.609484543963298e-05,8.609855170726988e-05,0.23103384052500023
393,0.019993894993894992,99.37622054888223,-0.0007395016878021006,-0.0007392283238174535,0.2299236235565113
394,0.020044770044770045,99.44796294029086,0.0007216666832304314,0.0007219271472835853,0.22729878026933692
395,0.020095645095645095,99.5576450057589,0.0011023013643279046,0.0011029091217669151,0.2285537946643517
396,0.020146520146520144,99.57932412026227,0.00021773068741773302,0.0002177543924641867,0.2284503967267583
397,0.020197395197395197,99.69825255548066,0.00119359590097189,0.0011943085200574188,0.22985724773572247
398,0.020248270248270247,99.7341982272977,0.0003604796718402477,0.0003605446524450606,0.22781513444763732
399,0.0202991452991453,99.8172690290215,0.0008325752515339635,0.0008329219385163622,0.22838202287917453
400,0.02035002035002035,99.70703571914761,-0.0011049613351987527,-0.0011043510902090103,0.22982979631293693
401,0.0204008954008954,99.67901795774031,-0.000281040334317113,-0.000281000846181656,0.229601483618534
402,0.020451770451770452,99.70988162529818,0.0003095826083493427,0.00030963053399046814,0.22697117514956938
403,0.0205026455026455,99.83842740057953,0.0012883676508196717,0.0012891979529614517,0.22544722617458907
404,0.02055352055352055,99.7768410736005,-0.0006170502828153652,-0.0006168599464406732,0.22590989336378192
405,0.020604395604395604,99.85855318102553,0.0008186134757639705,0.0008189486312233374,0.22058799021691716
406,0.020655270655270654,99.81698599162512,-0.00041634734202375043,-0.000416260681496472,0.2191253882741436
407,0.020706145706145707,99.79865708489096,-0.00018364198820484582,-0.00018362512704706013,0.21703128135387076
408,0.020757020757020756,99.928727083206,0.0013024755443004367,0.0013033241339546198,0.2187177256120192
409,0.020807895807895806,99.6167695281288,-0.0031266835335306787,-0.003121800549079401,0.22844806512064061
410,0.02085877085877086,99.4143941527206,-0.0020336056063782046,-0.0020315392314649294,0.23290388923395655
411,0.020909645909645908,99.18352175519281,-0.0023250244140305878,-0.0023223236382963197,0.23287766804105717
412,0.02096052096052096,98.82106687118572,-0.00366107968879569,-0.0036543861076213657,0.24284018744124283
413,0.02101139601139601,98.71602446702127,-0.0010635209150214836,-0.0010629555770871324,0.24045715770193027
414,0.02106227106227106,98.8322625434903,0.001176806862187305,0.0011774995710842617,0.2413704195752874
415,0.021113146113146113,98.78817016819042,-0.0004462329671740347,-0.00044613342005117573,0.22295248837521336
416,0.021164021164021163,98.81891523608434,0.0003111737423697249,0.000311222161940794,0.22361509314573594
417,0.021214896214896212,98.98803928703147,0.0017099913657312924,0.0017114542346789996,0.21988437879181527
418,0.021265771265771265,99.19456466964179,0.0020841935997095236,0.002086367040885273,0.2171811591257032
419,0.021316646316646315,99.1838833169451,-0.00010768662438365631,-0.0001076808263872353,0.21705847753766092
420,0.021367521367521368,99.39485678606954,0.002124835200308944,0.0021270942623847766,0.22367793368034466
421,0.021418396418396417,99.4093066595333,0.00014536791623226124,0.0001453784826597193,0.2174268881278482
422,0.021469271469271467,99.27884487745578,-0.0013132318139517103,-0.0013123699023909197,0.21278136173981937
423,0.02152014652014652,99.1863677999627,-0.0009319223549401539,-0.0009314882501634258,0.20982124762655727
424,0.02157102157102157,98.95628099367687,-0.0023224370028877917,-0.0023197422326199924,0.20881100123722865
425,0.021621896621896623,98.81854611909938,-0.0013928455795475603,-0.001391876020344296,0.20919800245416792
426,0.021672771672771672,98.7631252684447,-0.0005609918340995224,-0.0005608345076015819,0.20813769599805207
427,0.02172364672364672,98.8878212748519,0.0012617801749185713,0.0012625765544402867,0.20958169685283526
428,0.021774521774521775,99.15527990560535,0.0027010160087641137,0.0027046670389274663,0.2195290705247976
429,0.021825396825396824,98.94053427435588,-0.002168099475083714,-0.002165750845077863,0.2193062833181466
430,0.021876271876271874,99.00162161293333,0.0006172241606943688,0.0006174146827229166,0.20551209413822175
431,0.021927146927146927,98.8401821701908,-0.0016320057286935549,-0.0016306747315077974,0.20824994168518215
432,0.021978021978021976,98.91391409189498,0.0007456930249685897,0.0007459711231332378,0.208772017072769
433,0.02202889702889703,98.89364911901367,-0.00020489583535923428,-0.00020487484564113423,0.2078751673673714
434,0.02207977207977208,98.61001109908027,-0.0028722324904224736,-0.0028681115770342602,0.21459737761086506
435,0.02213064713064713,98.75383768545522,0.0014574767640666661,0.0014585393995183438,0.21776234716558554
436,0.02218152218152218,98.66020852201886,-0.0009485563186141265,-0.0009481065812809719,0.21590517723276306
437,0.02223239723239723,98.57766583009062,-0.0008369862737383218,-0.0008366360984312093,0.21577469264413462
438,0.022283272283272284,98.41240702328136,-0.0016778393264638394,-0.0016764325409578396,0.21632388018489165
439,0.022334147334147333,98.31149849335894,-0.0010258899497499947,-0.0010253639045589846,0.2161909228485262
440,0.022385022385022383,98.3776100837593,0.0006722445728523564,0.0006724705798764052,0.21742997305165543
441,0.022435897435897436,98.34847925721391,-0.00029615621248701404,-0.00029611236256488205,0.21692292291145546
442,0.022486772486772486,98.39929295409864,0.0005165364511474148,0.0005166698790726176,0.2145823744467926
443,0.022537647537647535,98.45527124748058,0.0005687274269492781,0.0005688891830559761,0.21553192164906948
444,0.022588522588522588,98.65959757651784,0.002073170871784236,0.0020753213763804457,0.22080183267158976
445,0.022639397639397638,98.60662249872976,-0.0005370922506789204,-0.0005369480424549655,0.22084862720163187
446,0.02269027269027269,98.3784484466411,-0.002316664435971108,-0.0023139830399478978,0.22534896649397113
447,0.02274114774114774,98.54341743063183,0.0016754769395248784,0.0016768813352470158,0.2269288272156794
448,0.02279202279202279,98.49225085550292,-0.0005193635926345466,-0.0005192287467096213,0.2178410410198171
449,0.022842897842897843,98.66474439735791,0.0017498094414148404,0.0017513412512837334,0.21874374133396035
450,0.022893772893772892,98.7241974289074,0.0006023947724454267,0.0006025762486145947,0.21380938971692928
451,0.022944647944647945,98.7039634437178,-0.00020497567490863097,-0.0002049546688303039,0.1976617708984296
452,0.022995522995522995,98.75807780994009,0.0005480989382411094,0.000548249171910653,0.19661318466470734
453,0.023046398046398044,99.06096922041917,0.003062310244934796,0.0030670039068796395,0.20669471935967235
454,0.023097273097273097,99.38443272941045,0.003259977729685035,0.0032652972360041055,0.2184204100179662
455,0.023148148148148147,99.3953334046004,0.00010967590326592313,0.00010968191788762738,0.21839239255927723
456,0.023199023199023196,99.42040139040294,0.00025217305824632574,0.00025220485654475766,0.21543523896172193
457,0.02324989824989825,99.588526826807,0.0016896274745847276,0.0016910556993621206,0.21374208032869912
458,0.0233007733007733,99.45654028920883,-0.0013261977184909784,-0.001325318706920653,0.21609689258089368
459,0.023351648351648352,99.50861484267524,0.0005234540150609988,0.0005235910410217315,0.21115585894594568
460,0.0234025234025234,99.50465648293134,-3.977985707242075e-05,-3.9779065864387064e-05,0.21114413966744994
461,0.02345339845339845,99.55376269828778,0.0004933849726586721,0.0004935067070441779,0.20910875364420248
462,0.023504273504273504,99.4237399824301,-0.0013069088978664176,-0.001306055264347017,0.21020554534831964
463,0.023555148555148554,99.17613302196922,-0.002493527161020934,-0.002490420904550872,0.21124165685072155
464,0.023606023606023607,98.85412641176163,-0.0032520978857200995,-0.0032468155431741863,0.2217065359317272
465,0.023656898656898656,98.68102813413303,-0.0017525824436988152,-0.0017510475678842452,0.2248829540602936
466,0.023707773707773706,98.61010748388372,-0.0007189441439619819,-0.0007186857655444578,0.22342884560487183
467,0.02375864875864876,98.56482931348,-0.00045926903221112797,-0.0004591635843327335,0.21421401431263293
468,0.023809523809523808,98.86498999119138,0.0030406846345335152,0.0030453122051958825,0.22068993313629084
469,0.023860398860398858,99.03679995757587,0.001736315872568042,0.0017378241417902451,0.22376883697994635
470,0.02391127391127391,98.8874761678405,-0.0015088984634926091,-0.0015077606485603967,0.22331843198193785
471,0.02396214896214896,98.9415254158814,0.000546423921194595,0.0005465732379408283,0.22302452700333866
472,0.024013024013024013,98.87842296620599,-0.0006379786500990236,-0.0006377751849910851,0.22344904848318148
473,0.024063899063899063,98.83439067926847,-0.00044541663085592703,-0.0004453174475949062,0.21376768678476069
474,0.024114774114774112,98.86321644311492,0.0002916146985324352,0.0002916572222320113,0.2114097522321569
475,0.024165649165649165,98.95939779108038,0.0009724000050913375,0.0009728729392575186,0.21121653900845067
476,0.024216524216524215,98.90680924063592,-0.0005315566763183732,-0.0005314154250970482,0.2106429309005707
477,0.024267399267399268,99.0721401743512,0.0016701873874646067,0.0016715829272486715,0.20955305643866945
478,0.024318274318274317,98.8948496491914,-0.0017911124750116263,-0.0017895093903070869,0.2124979278299696
479,0.024369149369149367,98.89591287436392,1.0751009389409713e-05,1.0751067181624663e-05,0.212178412177816
480,0.02442002442002442,99.29993886855503,0.004077043492998067,0.004085365941304042,0.2295848016382652
481,0.02447089947089947,99.33478515784695,0.0003508579863886007,0.0003509195442510382,0.22951425855598623
482,0.02452177452177452,99.55851889894758,0.0022497875082473557,0.0022523201791311287,0.23381234631205752
483,0.024572649572649572,99.57289780359783,0.00014441623439803228,0.00014442666292446837,0.23016638403016615
484,0.02462352462352462,99.66376491216388,0.0009121525489106156,0.0009125686865643079,0.2299470242384239
485,0.024674399674399675,99.6549650193166,-8.829970827118452e-05,-8.829580996672082e-05,0.2222776479745228
486,0.024725274725274724,99.62840076740213,-0.00026659778619247065,-0.0002665622521604849,0.22046807237194246
487,0.024776149776149774,99.50669429468046,-0.0012223509656855646,-0.0012216041990451565,0.22234465976057505
488,0.024827024827024827,99.57398632520785,0.0006760277579983211,0.0006762563162641122,0.21992350833329521
489,0.024877899877899876,99.44110212797331,-0.0013354185154056063,-0.0013345272408855635,0.22253725944907352
490,0.02492877492877493,99.5450955395411,0.0010452325061196801,0.0010457789519866534,0.22317152994953676
491,0.02497964997964998,99.71484740336264,0.0017038236825778308,0.0017052760148708046,0.22555243459751623
492,0.02503052503052503,99.7722957775786,0.0005759606848643565,0.0005761265820680705,0.21621430192983587
493,0.02508140008140008,99.72757046319474,-0.0004483743871709438,-0.0004482738823972099,0.20463837317232242
494,0.02513227513227513,99.7987176816576,0.0007131613797849812,0.000713415739824752,0.2051187840838575
495,0.02518315018315018,99.75047044295394,-0.00048356237474330837,-0.00048344547730128085,0.20550824858625807
496,0.025234025234025233,99.8970969396938,0.0014688535906016843,0.0014699328844138826,0.20467464746191083
497,0.025284900284900283,99.61050272520714,-0.0028730174900861924,-0.0028688943249240983,0.21294778860359548
498,0.025335775335775336,99.55813856324863,-0.0005258273875474469,-0.0005256891645548656,0.21301760559911714
499,0.025386650386650386,99.24768806930702,-0.0031231554079391385,-0.0031182834313877583,0.22435623070489202
500,0.025437525437525435,99.01520229581168,-0.0023452283947348073,-0.0023424804951934775,0.22968069377143518
501,0.025488400488400488,99.22741704477019,0.0021409607149605317,0.002143254207819245,0.23362183194736322
502,0.025539275539275538,99.36698100055553,0.0014055177803047358,0.0014065059833447968,0.22888342962707428
503,0.02559015059015059,99.25493875867957,-0.0011281962624870674,-0.0011275600883493553,0.21773199558085993
504,0.02564102564102564,99.02127953593079,-0.0023569072773670817,-0.002354131952232885,0.22079821001380473
505,0.02569190069190069,98.56179099008587,-0.004651100653049738,-0.00464030103426627,0.2445981552562278
506,0.025742775742775743,98.47784786673594,-0.0008520430601213441,-0.0008516801745052094,0.24512756117113607
507,0.025793650793650792,98.85266598848564,0.0037988911617852466,0.0038061160948292816,0.2505595381952611
508,0.025844525844525842,98.92022710589295,0.0006832192114735434,0.0006834526588812562,0.24787880504152762
509,0.025895400895400895,98.83348535691151,-0.0008772705550178964,-0.0008768858657050016,0.2463305496161858
510,0.025946275946275944,98.90571971561408,0.0007306023293582011,0.000730869284248703,0.2465818699101482
511,0.025997150997150997,98.66383207278726,-0.0024486340278301,-0.0024456385689552995,0.25225508354641657
512,0.026048026048026047,98.61788983936135,-0.00046575256755813736,-0.0004656441216680518,0.25227174697247384
513,0.026098901098901096,98.63336446945223,0.00015690272973753296,0.0001569150396145691,0.25219378253929403
514,0.02614977614977615,98.62011847158008,-0.00013430432451194487,-0.00013429530608988216,0.25107240537667186
515,0.0262006512006512,98.74265386414355,0.001241727675973976,0.0012424989389845376,0.25260364559456394
516,0.026251526251526252,98.79614906376683,0.0005416171419293844,0.0005417638429776606,0.24990158315070027
517,0.0263024013024013,98.89989334505796,0.0010495333093174634,0.001050084262132156,0.24792001642374428
518,0.02635327635327635,98.79320016968369,-0.001079382024288743,-0.0010787997010468509,0.24910365954087385
519,0.026404151404151404,98.93256175348263,0.0014096454151504628,0.0014106394322643823,0.23305471300892244
520,0.026455026455026454,99.18584737414623,0.00255691290650991,0.0025601845961966685,0.24038498624294005
521,0.026505901505901503,99.03504653529018,-0.0015215436170734026,-0.001520386656447159,0.23669718362522044
522,0.026556776556776556,98.89727003209467,-0.0013921579642673103,-0.001391189361903189,0.23826683819442157
523,0.026607651607651606,99.10486541454621,0.0020969012081570484,0.0020991012429785183,0.24250869191226143
524,0.02665852665852666,99.07519281117597,-0.0002994509524079126,-0.00029940612144652157,0.24252984641881334
525,0.026709401709401708,99.29376200197942,0.0022036641717397424,0.002206094024162386,0.24818796033746693
526,0.026760276760276758,99.22491393014282,-0.0006936181119846779,-0.0006933776145496839,0.24721799750790668
527,0.02681115181115181,99.45180707451189,0.0022840445711081675,0.002286654987967429,0.25232022602733806
528,0.02686202686202686,99.47240864630164,0.00020712985383744944,0.0002071513067067876,0.25056717690180513
529,0.026912901912901913,99.51280398891635,0.000406013518639371,0.0004060959532841135,0.24960765563535622
530,0.026963776963776963,99.7575219053541,0.0024561413081838554,0.0024591600942625025,0.2528275780957642
531,0.027014652014652012,99.70098716395242,-0.0005668822371068648,-0.0005667215897289246,0.25280835787345124
532,0.027065527065527065,99.5539376421134,-0.001475994118374316,-0.0014749053747811214,0.25475766585917176
533,0.027116402116402115,99.48396806277931,-0.0007030779586283087,-0.0007028308572342157,0.254562397561279
534,0.027167277167277164,99.55468659799038,0.0007106010468915227,0.0007108535836295449,0.25499686883939454
535,0.027218152218152217,99.31046368502538,-0.0024561672610367855,-0.0024531533502909486,0.2581066291770741
536,0.027269027269027267,99.40993474381325,0.0010011158178236431,0.001001617101531016,0.2515433125792491
537,0.02731990231990232,99.32600558859404,-0.0008446299151371315,-0.0008442733156955873,0.2519556315277746
538,0.02737077737077737,99.50514626621403,0.0018019382216624157,0.0018035626879224775,0.24515097406015685
539,0.02742165242165242,99.13208197052575,-0.0037562418449061338,-0.0037491959932424157,0.2542101761437532
540,0.027472527472527472,99.00988128656806,-0.0012334661213841368,-0.001232705714725224,0.2509848327252649
541,0.02752340252340252,98.74828865674864,-0.002645582556418596,-0.0026420860869663665,0.25522227931663716
542,0.027574277574277575,98.6204227698909,-0.0012957059284873758,-0.0012948668639936045,0.255578382985161
543,0.027625152625152624,98.65883681942789,0.00038943830286521444,0.00038951414380594684,0.2507838359623748
544,0.027676027676027674,98.63117315682452,-0.0002804365288241763,-0.0002803972101763641,0.22784901020688342
545,0.027726902726902727,98.59204472819637,-0.00039679333458961187,-0.00039671462252555134,0.2271780003111516
546,0.027777777777777776,98.5674996229915,-0.0002489872393685304,-0.00024895624461829247,0.2099621658889694
547,0.027828652828652826,98.59904215931678,0.00031995830843483563,0.00032000950055399713,0.20944217512000146
548,0.02787952787952788,98.44320351856257,-0.001581779305354431,-0.0015805289518170396,0.21141140676067063
549,0.02793040293040293,98.55253457922636,0.0011099841341216648,0.0011106003945027254,0.21235321918870248
550,0.02798127798127798,98.6551468172838,0.0010406516276772696,0.0010411932934610846,0.20669368768945526
551,0.02803215303215303,98.71485133060035,0.0006050009190643601,0.0006051839690337513,0.20684945933788917
552,0.02808302808302808,98.80117666197988,0.0008741096887521158,0.0008744918339635976,0.20771054425229696
553,0.028133903133903133,98.84722276287931,0.00046593953572613084,0.00046604810241279715,0.20788167866300084
554,0.028184778184778183,99.16346708877619,0.003194217393223351,0.0031993243417212103,0.2180027204610483
555,0.028235653235653236,99.14999532377085,-0.00013586334343720092,-0.00013585411443106654,0.21783785903883082
556,0.028286528286528285,99.10230894255281,-0.00048106762051728036,-0.0004809519260425832,0.21706531213014726
557,0.028337403337403335,98.98527653592699,-0.0011816229670339406,-0.001180925125504717,0.2173530088613923
558,0.028388278388278388,98.82514795841288,-0.0016190108575002856,-0.0016177009664265496,0.21818503831892208
559,0.028439153439153438,98.6324287378256,-0.0019520069577010463,-0.0019501030311470657,0.21399606578646943
560,0.028490028490028487,98.49504208288536,-0.0013938866725426676,-0.0013929156637259021,0.21358964073818582
561,0.02854090354090354,98.48419768490945,-0.00011010701431933322,-0.0001101009527645358,0.21163279024454737
562,0.02859177859177859,98.53595250188522,0.0005253758878687221,0.0005255139219526583,0.206032939854167
563,0.028642653642653643,98.54393969214865,8.105535454584452e-05,8.105863961982429e-05,0.2060649785684513
564,0.028693528693528692,98.42571208961269,-0.0012004653068616012,-0.0011997450366337814,0.20014274955685507
565,0.028744403744403742,98.56492170959984,0.0014133630668224106,0.0014143623351225987,0.203158608181052
566,0.028795278795278795,98.67943009719869,0.0011610816676284796,0.0011617559839014469,0.19762777333610448
567,0.028846153846153844,98.65479149324561,-0.00024971445786332766,-0.00024968328180319244,0.19740706367057045
568,0.028897028897028897,98.55384585717407,-0.0010237446619393085,-0.001023220814150294,0.1977024581497906
569,0.028947903947903947,98.63877578698227,0.0008613905971890346,0.0008617617006168032,0.18948944493898726
570,0.028998778998778996,98.66795447406972,0.0002957698124290127,0.0002958135566326625,0.1898248639831017
571,0.02904965404965405,98.44407662001933,-0.0022715807764412295,-0.0022690026893098514,0.1932550364786129
572,0.0291005291005291,98.43365489649939,-0.00010587000824722166,-0.000105864404215672,0.19305565103978176
573,0.02915140415140415,98.47421667709824,0.0004119874015036059,0.000412072279968978,0.19238459383717127
574,0.0292022792022792,98.33536883040497,-0.0014109868619571065,-0.0014099918880148277,0.18764107636394547
575,0.02925315425315425,98.36474637491833,0.0002987038894322268,0.0002987485058811856,0.1858669275775236
576,0.029304029304029304,98.14052542409506,-0.0022820868476547116,-0.002279484867156123,0.19089509273619512
577,0.029354904354904354,98.34659432489723,0.0020975316511111226,0.002099733009495397,0.192691858082641
578,0.029405779405779403,98.53945128759064,0.0019590725566655687,0.0019609927930628324,0.18209731384885122
579,0.029456654456654456,98.5004922091673,-0.0003954434643009196,-0.00039536528683947747,0.1804918622450921
580,0.029507529507529506,98.55676507840644,0.0005711321830355632,0.0005712953100749374,0.1715475185550476
581,0.02955840455840456,98.18484341970743,-0.003780817942650308,-0.0037736796495217995,0.1890616693437362
582,0.029609279609279608,98.00692464923782,-0.0018137235929331509,-0.0018120797902487773,0.1924691654543486
583,0.029660154660154658,97.96183315313843,-0.00046019066917414955,-0.0004600847976891087,0.1925648022492498
584,0.02971102971102971,97.79724141366998,-0.0016815749524486975,-0.001680161897451904,0.19546985172617568
585,0.02976190476190476,97.90701451739788,0.001121826551170988,0.0011224560339446743,0.1977290364949339
586,0.02981277981277981,98.21442859875481,0.0031349385180977395,0.0031398575768262216,0.21100791745740977
587,0.029863654863654863,98.03333842985657,-0.0018455264285455377,-0.001843824491797097,0.21204634006085937
588,0.029914529914529912,97.90467241336917,-0.0013133340940607782,-0.0013124720482654562,0.2118312232173028
589,0.029965404965404965,97.9409299645476,0.000370266691234124,0.0003703352484065725,0.21038051817133951
590,0.030016280016280015,98.18893101221414,0.002528948713952496,0.002532149202139511,0.21840455542177756
591,0.030067155067155064,98.00085061090907,-0.0019173318545628146,-0.0019154949480165717,0.22069882018963788
592,0.030118030118030117,98.03923412571937,0.0003915884381739442,0.0003916651189350695,0.22058756781640176
593,0.030168905168905167,98.31990625231815,0.002858764987550131,0.002862855152855559,0.21802305255050897
594,0.03021978021978022,98.0654775835356,-0.0025911175889315936,-0.0025877635412877575,0.22441254734767765
595,0.03027065527065527,97.86861921368526,-0.002009435206104633,-0.002007417642794662,0.2277125931612758
596,0.03032153032153032,97.80366435572309,-0.0006639147779463158,-0.0006636944352957919,0.22699621164874337
597,0.030372405372405372,97.72387958921895,-0.0008160975105867868,-0.0008157645935837898,0.22530681276374823
598,0.03042328042328042,97.84864784323085,0.001275928399318016,0.001276742742269077,0.22462335266938355
599,0.03047415547415547,97.88583871373811,0.0003800134724239344,0.00038008568669067877,0.22329135195566985
600,0.030525030525030524,97.61365997369124,-0.002784446177382483,-0.0027805732026555674,0.23092893802021094
601,0.030575905575905574,97.69271802725177,0.0008095798886629824,0.0008099076869148014,0.23149576210265788
602,0.030626780626780627,97.60430086838136,-0.0009054635386782467,-0.0009050537302665029,0.23189040758588222
603,0.030677655677655676,97.7997685457448,0.0020006517074887204,0.0020026543464211066,0.23616895177571232
604,0.030728530728530726,97.7035809737845,-0.0009839993018827746,-0.000983515333324303,0.23401151713530888
605,0.03077940577940578,97.60610528285963,-0.000998165537883,-0.0009976675363722043,0.23241097198265545
606,0.03083028083028083,97.68910000933147,0.0008499413116053058,0.0008503026140767034,0.2337931826402054
607,0.03088115588115588,97.8061996532503,0.0011979792672824495,0.0011986971310782302,0.23531625967030972
608,0.03093203093203093,97.87507517198742,0.0007039561822450289,0.0007042040175500031,0.23497688711604942
609,0.03098290598290598,97.61661419086482,-0.002644216053980787,-0.002640723194014427,0.24096624734185101
610,0.031033781033781033,97.69914302971914,0.00084508126676876,0.0008454384485512279,0.2377432061023811
611,0.031084656084656083,97.54078196535248,-0.0016222204459389621,-0.0016209053575685362,0.23987754814357543
612,0.031135531135531132,97.57687837971932,0.0003699963879721669,0.00037006484507839943,0.2398209330637424
613,0.031186406186406185,97.35920272113192,-0.002233303838182645,-0.0022308118706179103,0.2426016183442911
614,0.031237281237281235,97.42749175788578,0.0007011673947677046,0.0007014132700886577,0.24324485109925745
615,0.03128815628815629,97.30433344871858,-0.001264901876798709,-0.001264102225615349,0.2398883215857649
616,0.03133903133903134,97.10876446741415,-0.0020118916818653776,-0.0020098691843716265,0.23708146553297493
617,0.03138990638990639,97.21767686274775,0.0011209221554389468,0.0011215506234776296,0.23362658188466046
618,0.03144078144078144,97.25462559081501,0.00037998962367142945,0.00038006182887384554,0.23419005945206442
619,0.03149165649165649,97.16104930023752,-0.0009626414933488981,-0.0009621783026673159,0.23368035540431073
620,0.03154253154253154,97.3826322152839,0.002277976947281565,0.0022805735080286826,0.22738077752304667
621,0.03159340659340659,97.31539686774164,-0.0006906628745202568,-0.0006904244218171041,0.22466608239925948
622,0.031644281644281645,97.32037826070818,5.118681767908954e-05,5.118812774651538e-05,0.2246313517396482
623,0.03169515669515669,97.36153204069144,0.00042277970801207857,0.00042286909194899636,0.22225440960757603
624,0.031746031746031744,97.26698454952835,-0.0009715688148565344,-0.0009710969946897796,0.2211972938344365
625,0.0317969067969068,97.33899902235922,0.0007401054664022248,0.0007403794120315332,0.20889061558145636
626,0.03184778184778184,97.25763005713195,-0.0008362834480164735,-0.0008359338604719824,0.20606176936894954
627,0.031898656898656896,97.19490606045078,-0.0006451342842735617,-0.000644926229894649,0.20474233780962214
628,0.03194953194953195,97.40303304499507,0.0021390469483747233,0.002141336341380473,0.21098612836070493
629,0.032000407000407,97.24419395397116,-0.0016320718124846019,-0.0016307407075354385,0.20432145191456963
630,0.03205128205128205,96.87679099444907,-0.0037853032562620106,-0.003778148026975847,0.21617582105049105
631,0.0321021571021571,97.12207017996862,0.0025286675883647402,0.0025318673647394263,0.2248411205848759
632,0.032153032153032154,97.51145152422032,0.004001179861758771,0.004009195268698029,0.23425369111984531
633,0.0322039072039072,97.44953776163797,-0.0006351400338140248,-0.0006349383750788862,0.22800934979593795
634,0.032254782254782254,97.153890612806,-0.0030384601007143568,-0.0030338486525719466,0.23342902667750567
635,0.03230565730565731,97.10664605778808,-0.0004864040505512373,-0.00048628577527831673,0.2332757684498375
636,0.03235653235653235,97.06311961167918,-0.000448333927662551,-0.0004482334410249589,0.23290562407922671
637,0.032407407407407406,97.03427455783316,-0.0002972224761888222,-0.00029717830996445205,0.23050528369797826
638,0.03245828245828246,96.86497032584687,-0.0017463118550438363,-0.0017447879397025634,0.23260281733013313
639,0.032509157509157505,96.95318127200512,0.0009102444897100348,0.0009106588879506106,0.22664658618210004
640,0.03256003256003256,97.03308952307798,0.0008238547528649713,0.0008241942144078251,0.2266788569623346
641,0.03261090761090761,96.80589093427373,-0.002344200246115645,-0.002341454754465122,0.2313346167683153
642,0.032661782661782664,96.91223978272764,0.0010979752772170969,0.001098578272743067,0.22773099986772122
643,0.03271265771265771,97.22498034718308,0.0032218534372293246,0.0032270491854962113,0.23981742046226745
644,0.03276353276353276,97.25129707108651,0.0002706419971982088,0.00027067862404761556,0.23912096701808166
645,0.032814407814407816,97.19991111113632,-0.000528522930011766,-0.0005283832863707261,0.23830923679289862
646,0.03286528286528286,97.17833260107234,-0.00022202598130808467,-0.00022200133536398603,0.23634423321846879
647,0.032916157916157915,97.27227728865184,0.0009662576521831298,0.0009667246295030907,0.23691582255445998
648,0.03296703296703297,97.00854646755604,-0.00271494610731042,-0.0027112639741457834,0.23730469905031404
649,0.033017908017908014,97.03365201786175,0.00025876382190855783,0.00025879730415434565,0.23638316837187054
650,0.03306878306878307,96.97429454127781,-0.0006119077026356624,-0.0006117205252977875,0.2342628647732961
651,0.03311965811965812,97.25596605146121,0.0029003895354055543,0.002904599734556035,0.2438558344233544
652,0.033170533170533166,97.22946682596393,-0.0002725060203136945,-0.0002724688939206299,0.23883991111289937
653,0.03322140822140822,97.48435036150704,0.002618033838664878,0.002621463881925079,0.24567181383500672
654,0.03327228327228327,97.31573404589352,-0.0017311733538289712,-0.00172967573757421,0.2471468819877484
655,0.033323158323158325,97.40553210176988,0.0009223241407442206,0.0009227496124519785,0.24352529178151958
656,0.03337403337403337,97.45444225028487,0.0005020030378712617,0.0005021290624835917,0.24254899225666546
657,0.033424908424908424,97.32171253758155,-0.001362895097638215,-0.0013619667778966837,0.244516464994369
658,0.03347578347578348,97.34888580457077,0.0002791717639654996,0.0002792107360289897,0.2435284598668686
659,0.03352665852665852,97.53436338719239,0.0019034744072975996,0.0019052871647038394,0.24189547681791365
660,0.033577533577533576,97.48489808026659,-0.0005072863840667931,-0.0005071577360837853,0.24164389586118026
661,0.03362840862840863,97.22649630634267,-0.0026542044592416307,-0.0026506851729096725,0.24912295409611007
662,0.033679283679283675,97.22389499187948,-2.675555904980286e-05,-2.6755201123052075e-05,0.24890956296428912
663,0.03373015873015873,97.08639443855118,-0.0014152680918984692,-0.0014142670723051864,0.24996901892327797
664,0.03378103378103378,97.03433187938947,-0.0005363936288260664,-0.0005362497954818357,0.24953048872766226
665,0.03383190883190883,97.02198768893763,-0.00012722276188631564,-0.0001272146694138998,0.24892644180092408
666,0.03388278388278388,96.76273431270634,-0.0026756859697300538,-0.0026721095125622485,0.25547403369949745
667,0.03393365893365893,96.5178027162423,-0.0025344686158213247,-0.002531259561893706,0.2556965750663955
668,0.033984533984533986,96.59091923130148,0.000757257547104323,0.0007575443389877812,0.2545633113030801
669,0.03403540903540903,96.51180115759666,-0.0008194403266067827,-0.0008191046770702481,0.24114690784494525
670,0.034086284086284085,96.12424075009983,-0.004023763430393234,-0.004015678941313494,0.24898529359227956
671,0.03413715913715914,96.24277460074238,0.0012323720407910843,0.0012331317232530115,0.23159880006698494
672,0.034188034188034185,96.28399489971403,0.00042820330604870764,0.00042829499817154115,0.2321175944614966
673,0.03423890923890924,96.17627486728492,-0.0011194003189107557,-0.0011187740240871102,0.22430987587447312
674,0.03428978428978429,95.97782289712877,-0.0020655509616812006,-0.0020634191793145185,0.22790946952226532
675,0.03434065934065934,96.10386149647717,0.0013123439419582032,0.00131320544208946,0.230726226325059
676,0.03439153439153439,96.1566370784917,0.0005490007956003292,0.0005491515241191625,0.2314265487121326
677,0.03444240944240944,96.5168933738347,0.0037395558624391976,0.0037465567254493237,0.24522919619111097
678,0.03449328449328449,96.58063089914214,0.0006601589312157392,0.0006603768840816038,0.2447641732865842
679,0.03454415954415954,96.63948411414152,0.0006091831258397321,0.0006093687155641625,0.24439279611163794
680,0.034595034595034595,96.61425121003927,-0.00026113755786749974,-0.00026110346442320687,0.23893022999628488
681,0.03464590964590965,96.73823645534966,0.0012824791012641804,0.001283301829259731,0.23942448729953208
682,0.034696784696784694,96.83324910646634,0.0009816803179577835,0.0009821623237933341,0.22864788142243445
683,0.03474765974765975,97.0237131500276,0.00196499628003438,0.0019669281503900127,0.2332007841677568
684,0.0347985347985348,96.94445290399314,-0.0008172500885927171,-0.0008169162306936872,0.23359054876560878
685,0.034849409849409846,96.87831742173518,-0.000682432561597618,-0.0006821997574577576,0.23397647576999261
686,0.0349002849002849,96.80558918144726,-0.0007509993471486216,-0.000750717417719593,0.23318194632890543
687,0.03495115995115995,96.92586935399746,0.001241720770742698,0.0012424920251734584,0.2272790952010103
688,0.035002035002035,97.15411077216518,0.0023520357250660534,0.002354803930973093,0.23339219428197236
689,0.03505291005291005,97.08426232728804,-0.0007192033867806321,-0.0007189448220153993,0.23355764070396307
690,0.035103785103785104,97.01965035744155,-0.0006657462112869428,-0.0006655246514483126,0.22442285682313803
691,0.03515466015466015,97.06755594911724,0.000493650184987684,0.0004937720502924403,0.22471073842122108
692,0.0352055352055352,97.03020743599583,-0.0003848422870105617,-0.00038476824471611604,0.21627250636106887
693,0.035256410256410256,97.175352317776,0.0014947554435505502,0.0014958731472971554,0.21596493222634539
694,0.03530728530728531,96.83267056638601,-0.003532659141362968,-0.0035264266423167268,0.2285219426070054
695,0.035358160358160355,96.70721297966492,-0.0012964522040088166,-0.0012956121729094106,0.22942762709055192
696,0.03540903540903541,96.58863035674474,-0.0012269548661754928,-0.001226202464805981,0.22909045423267965
697,0.03545991045991046,96.23766066247782,-0.003640272081021427,-0.0036336543231912932,0.24146804021149093
698,0.03551078551078551,96.09232398763784,-0.001511326512796093,-0.001510185034003464,0.23752800707289826
699,0.03556166056166056,95.95450653880343,-0.0014352486017560951,-0.001434219125058922,0.23869205374346575
700,0.03561253561253561,95.92430795280445,-0.00031476727984126483,-0.0003147177458183714,0.23300317861402717
701,0.03566341066341066,96.09205888770543,0.0017472570733273298,0.0017487844163917021,0.237617444341873
702,0.03571428571428571,96.05519135284912,-0.0003837425231177736,-0.0003836689033730467,0.23623812158423887
703,0.035765160765160765,95.90002082230653,-0.0016167371813817554,-0.00161543096585548,0.23809698180801553
704,0.03581603581603581,95.8915274694106,-8.856858372724902e-05,-8.856466164608445e-05,0.23811319804772813
705,0.035866910866910864,96.04960583029413,0.001647154978262652,0.0016485122831519927,0.2355719109640986
706,0.03591778591778592,95.90269904965167,-0.0015306594981174821,-0.0015294886363409477,0.23144540833292046
707,0.03596866096866097,95.76584200510379,-0.0014280597854301727,-0.0014270405932682584,0.23214497453785968
708,0.036019536019536016,95.8498915983071,0.000877272414046159,0.0008776573300408597,0.2330020763928531
709,0.03607041107041107,95.81665392737783,-0.0003468280932522369,-0.00034676795534183125,0.21556732140921045
710,0.03612128612128612,95.91413266343913,0.0010168293386112694,0.0010173464848315383,0.21494082993131045
711,0.03617216117216117,95.91215583957853,-2.061056256850752e-05,-2.0610350172312053e-05,0.21461952613691807
712,0.03622303622303622,96.01789454007704,0.0011018463339863476,0.0011024535896719811,0.21495097532682597
713,0.036273911273911275,95.86214278310064,-0.0016234288189272059,-0.0016221117711696653,0.21301880803834636
714,0.03632478632478632,95.86040201247734,-1.815926890779506e-05,-1.8159104029247253e-05,0.21076120482159363
715,0.036375661375661374,95.82879164851525,-0.0003298085160141299,-0.00032975413516411756,0.21035986482963207
716,0.03642653642653643,95.64620514910624,-0.0019071581961664012,-0.0019053407255587018,0.19484524109299295
717,0.03647741147741147,95.41191186816269,-0.002452587747062237,-0.0024495826110223495,0.19993477788940808
718,0.036528286528286526,95.51471375159208,0.0010768733070122606,0.0010774533432618139,0.20132050250033148
719,0.03657916157916158,95.46220401850292,-0.0005499066067830824,-0.0005497554358562251,0.2013958987132043
720,0.03663003663003663,95.3092676552734,-0.0016033466078621225,-0.001602061934373622,0.20002633496295605
721,0.03668091168091168,95.29496099211889,-0.0001501190533174203,-0.000150107786016207,0.19763585814942516
722,0.03673178673178673,95.46386625451031,0.0017708780135641102,0.001772446944025008,0.19647354872220282
723,0.036782661782661784,95.12289701591995,-0.003578103710039545,-0.0035717099251081352,0.20878396162227408
724,0.03683353683353683,94.89983851659322,-0.002347704353949863,-0.0023449506514643392,0.21289943470320125
725,0.03688441188441188,94.76258184405845,-0.0014473789402816976,-0.001446331992554284,0.2138468246211805
726,0.036935286935286936,94.98018528682736,0.0022936688597804474,0.0022963013304868607,0.21962403098524927
727,0.03698616198616198,95.02238828364935,0.0004442360618906477,0.00044433474934302275,0.2107148997541842
728,0.037037037037037035,95.136946832237,0.0012048691943167972,0.0012055953408123266,0.21440001665825112
729,0.03708791208791209,94.96696322832871,-0.0017883235453296823,-0.0017867254475588679,0.21626903958933122
730,0.037138787138787134,94.80035146246155,-0.001755958964265679,-0.0017544181703125217,0.21655935877627477
731,0.03718966218966219,94.86706772814195,0.0007035079479304023,0.0007037554676874169,0.21850390509120202
732,0.03724053724053724,94.8758193564026,9.224723415271047e-05,9.225148905955827e-05,0.21384053483232823
733,0.03729141229141229,94.95762602962795,0.000861878454800636,0.0008622499787644955,0.20540755888385318
734,0.03734228734228734,94.92974227274945,-0.00029368732979126287,-0.0002936442078890211,0.20463199999180054
735,0.03739316239316239,94.97126068490992,0.0004372637550657494,0.0004373593687971855,0.20488207879929515
736,0.037444037444037445,94.9949041083731,0.00024892247112549886,0.0002489534548946182,0.19156116651234273
737,0.03749491249491249,95.11098916341959,0.0012212674470734348,0.0012220134978402353,0.19268831585251975
738,0.037545787545787544,95.23158562674664,0.0012671519190754108,0.0012679550952814367,0.19373381325002503
739,0.0375966625966626,94.98990168792673,-0.002541080634786142,-0.002537854822318275,0.20077152712741309
740,0.03764753764753764,94.65559645908552,-0.0035255840859386954,-0.003519376511616379,0.20837847615773683
741,0.037698412698412696,94.8045813906597,0.0015727311562185834,0.001573968546472404,0.21296892404556447
742,0.03774928774928775,94.9815159146175,0.0018645683506969698,0.0018663077391658511,0.21645211441111487
743,0.037800162800162795,94.82959625291677,-0.0016007460512254851,-0.0015994655406137426,0.21853265657824456
744,0.03785103785103785,94.55332195337823,-0.0029176284549693454,-0.002913376313463667,0.22165639304953008
745,0.0379019129019129,94.56809310419912,0.00015620812530838912,0.00015622032643292094,0.22044747405745924
746,0.037952787952787954,94.70640205165323,0.001461464440392669,0.0014625328999897658,0.222733985796444
747,0.038003663003663,94.97399999109315,0.002821568428708824,0.0028255527994180962,0.23206465793594228
748,0.038054538054538053,95.05105248761272,0.0008109720243458195,0.0008113009510686275,0.2332297987555671
749,0.038105413105413107,94.99570234776672,-0.0005824897295291007,-0.000582320115321,0.23165180186967538
750,0.03815628815628815,94.8627362982853,-0.0014006864500596382,-0.001399705946639962,0.23302290183901486
751,0.038207163207163206,94.86451717890719,1.8773060689110192e-05,1.8773236904134905e-05,0.23095502904672116
752,0.03825803825803826,94.82005522048901,-0.0004687988977710193,-0.0004686890287372014,0.22900458708150154
753,0.038308913308913305,94.66921903953245,-0.001592029030711166,-0.001590762424740877,0.23079164724972595
754,0.03835978835978836,94.97413566659729,0.003215687576189709,0.003220863445989819,0.24406274914462317
755,0.03841066341066341,95.24063299345296,0.0028020695038780906,0.002805998969985568,0.2501429716674109
756,0.03846153846153846,95.41064415853754,0.0017834783242832624,0.0017850696676513511,0.24767896632137232
757,0.03851241351241351,95.2729530820488,-0.0014441840033721433,-0.0014431416714877354,0.24847268723154767
758,0.03856328856328856,95.40094198948488,0.0013424902932900678,0.001343391836776453,0.25018839443769986
759,0.038614163614163616,95.4968202120475,0.001004498214320092,0.001005002891619755,0.2484766141804844
760,0.03866503866503866,95.56323663222938,0.0006952413178778508,0.0006954830541412438,0.24884821335301688
761,0.038715913715913715,95.75089317337279,0.001961764157382559,0.001963689675618774,0.24955814992181438
762,0.03876678876678877,95.84648309855727,0.0009978208989663167,0.0009983188878603944,0.2356474596753856
763,0.038817663817663814,95.95792390493254,0.0011620256349280911,0.0011627010483068467,0.22914685684876962
764,0.03886853886853887,96.05395189927422,0.0010002298237598017,0.0010007302204333435,0.22614778726815377
765,0.03891941391941392,96.10540927093626,0.0005355697747814111,0.0005357132178800406,0.22172088971309564
766,0.038970288970288966,95.83688043630148,-0.0027980181984377426,-0.002794107393869427,0.23233846179175557
767,0.03902116402116402,95.84953375774602,0.00013202105653784837,0.0001320297717011254,0.23122908812658205
768,0.03907203907203907,95.76599263331617,-0.0008719661845416714,-0.0008715861325003793,0.2280644514661717
769,0.03912291412291412,95.57393449479906,-0.002007507851609467,-0.0020054941554513706,0.22925564993241987
770,0.03917378917378917,95.82657259354743,0.002639891077736896,0.002643378658457207,0.23545655848500258
771,0.039224664224664224,96.08699178872935,0.0027139233837970636,0.0027176094076382107,0.2417730876515389
772,0.03927553927553928,96.29222928237705,0.002133677123426618,0.0021359550322792575,0.24489889300323806
773,0.03932641432641432,96.33087735317451,0.00040128177757161357,0.00040136230187481914,0.24443904283128967
774,0.039377289377289376,96.53533370509608,0.0021201891963256968,0.0021224383867286534,0.24755827290568178
775,0.03942816442816443,96.53723716295912,1.9717537861653353e-05,1.971773225362128e-05,0.24769308975501408
776,0.039479039479039475,96.56804044519181,0.00031903097497432647,0.0003190818707681231,0.24699732208447622
777,0.03952991452991453,96.40256251615467,-0.001715058843777649,-0.001713588970785107,0.2505660518547324
778,0.03958078958078958,96.46271314394804,0.0006237580045220281,0.000623952582000431,0.24183828753132183
779,0.03963166463166463,96.47193163155366,9.556072859104749e-05,9.556529466281383e-05,0.22451995357747767
780,0.03968253968253968,96.27501151001063,-0.0020433028596626634,-0.002041216737476259,0.23008503461607813
