step,time_years,spot,shares,transaction_cost,stock_position_after,cash_after,pre_trade_delta,post_trade_delta
0,0.0,100.00000000000004,-316.5795811354368,1.5828979056771846,-316.5795811354368,31656.375215638014,316.5795811354368,0.0
1,5.087505087505087e-05,100.04790770755241,422.60716796819247,2.114048146871591,106.02758683275567,-10626.701769940672,-422.60716796819247,1.4210854715202004e-14
2,0.00010175010175010175,99.8848498596535,259.07452597972815,1.2938810064973023,365.1021128124838,-36505.61578089322,-259.07452597972815,0.0
3,0.00015262515262515263,100.00262386451018,-312.3268527841763,1.5616752390881115,52.775260028307514,-5273.672674370078,312.3268527841763,2.1316282072803006e-14
4,0.0002035002035002035,100.15040954559258,-374.0692665657216,1.873159512248823,-321.2940065374141,32187.64441109413,374.0692665657216,0.0
5,0.00025437525437525436,99.84434400336184,321.2940065374141,1.603969465746998,0.0,106.65112668842266,-321.2940065374141,0.0
6,0.00030525030525030525,99.64061395209866,203.46887207567895,1.0136881666880835,203.46887207567895,-20168.125895239937,-203.46887207567895,0.0
13,0.0006613756613756613,99.74520130037507,-152.0559671280713,0.7583426525056343,51.41290494760764,-5002.031187779756,152.0559671280713,0.0
14,0.0007122507122507122,99.92187244486283,-103.75674001133336,0.5183783870353623,-52.34383506372572,5365.018174540455,103.75674001133336,7.105427357601002e-15
15,0.0007631257631257631,99.99528343026371,263.2622209500351,1.3162490200189736,210.91838588630938,-20961.278474859035,-263.2622209500351,0.0
16,0.000814000814000814,99.8606217407245,-262.9379740648517,1.3128574784681293,-52.01958817854231,5294.558237025081,262.9379740648517,0.0
17,0.0008648758648758648,99.918502077035,208.9916842680118,1.044106801930819,156.9720960894695,-15588.62190839323,-208.9916842680118,0.0
19,0.0009666259666259666,99.90605242925078,208.82700909584904,1.0431541059686762,365.7991051853185,-36452.74718187272,-208.82700909584904,0.0
20,0.0010175010175010174,99.89830608039077,260.78632925059725,1.3026056270528863,626.5854344359158,-62506.162328557504,-260.78632925059725,0.0
21,0.0010683760683760683,99.86941167149635,-314.2119842033525,1.569008300126116,312.3734502325633,-31127.56533433531,314.2119842033525,0.0
24,0.001221001221001221,99.93033226783965,211.44326503687932,1.0564797865466116,523.8167152694426,-52258.217545054096,-211.44326503687932,0.0
25,0.0012718762718762718,99.8632692248969,-263.68262870499854,1.3166104670147898,260.1340865644441,-25927.324815225318,263.68262870499854,0.0
26,0.0013227513227513227,99.80818385758984,-208.3993047604076,1.0399978062660329,51.73478180403649,-5128.408687710926,208.3993047604076,0.0
28,0.0014245014245014244,99.94904781013147,158.17647250005783,0.7904793906173113,209.9112543040943,-20938.78697944777,-158.17647250005783,0.0
30,0.0015262515262515263,100.0815983243873,162.31922765326686,0.8122583871159517,372.2304819573612,-37184.766980153916,-162.31922765326686,0.0
31,0.001577126577126577,100.4185839318716,67.3247241798573,0.3380326732872552,439.5552061372185,-43945.75847857231,-67.3247241798573,0.0
33,0.0016788766788766788,100.27409130234791,-114.4331911795378,0.5737342130178004,325.1220149576807,-32471.647952429317,114.4331911795378,0.0
35,0.0017806267806267804,100.24313471898682,-487.19343023443014,2.4418898330597645,-162.07141527674946,16363.706818932907,487.19343023443014,0.0
36,0.0018315018315018315,100.42096059845346,326.9402100349727,1.6415824974986049,164.86879475822326,-16469.584713536686,-326.9402100349727,0.0
37,0.0018823768823768823,100.40308713663086,-439.18163639173355,2.2047596053723675,-274.3128416335103,27623.40263430529,439.18163639173355,0.0
38,0.0019332519332519332,100.27088715166506,-267.3748210543149,1.3404955254566926,-541.6876626878252,54431.97264791369,267.3748210543149,0.0
39,0.001984126984126984,100.14132442327285,-367.5807420425459,1.8405011170314982,-909.2684047303711,91240.15448742663,367.5807420425459,0.0
41,0.0020858770858770857,100.36075543916287,-19.61206552825115,0.09841408560688251,-928.8804702586223,93208.33778547867,19.61206552825115,0.0
42,0.0021367521367521365,100.44641126131938,-227.98695415541727,1.1450235679655305,-1156.8674244140395,116107.66412122131,227.98695415541727,0.0
44,0.002238502238502238,100.37829176188994,281.16261748533725,1.411131162523992,-875.7048069287023,87883.62973957896,-281.16261748533725,0.0
45,0.0022893772893772895,100.39675361476984,272.5936434865721,1.3683758431036892,-603.1111634421302,60514.74450166207,-272.5936434865721,0.0
46,0.0023402523402523403,100.43129277001808,163.03643427436907,0.8186979931394485,-440.0747291677611,44139.96594087996,-163.03643427436907,0.0
48,0.002442002442002442,100.60417390091948,-174.97809417561803,0.8801763307647671,-615.0528233433791,61742.61237984454,174.97809417561803,0.0
49,0.002492877492877493,100.71148995267927,219.73874223718786,1.1065108065517464,-395.3140811061913,39611.28973800306,-219.73874223718786,0.0
50,0.0025437525437525437,100.72225136121604,225.72506518578518,1.1367768377084766,-169.5890159204061,16874.616206995823,-225.72506518578518,0.0
51,0.0025946275946275945,100.76803868423715,396.6612277160388,1.9985386969513401,227.0722117956327,-23098.15627072793,-396.6612277160388,0.0
52,0.0026455026455026454,100.86799107074268,288.5115023577931,1.4550787821816216,515.5837141534258,-52201.186993142546,-288.5115023577931,0.0
54,0.002747252747252747,100.58730672348504,154.33195549142135,0.7761917872125421,669.9156696448472,-67725.7989291806,-154.33195549142135,0.0
55,0.002798127798127798,100.51317108385227,217.0950381545449,1.0910455355741604,887.0107077993921,-89547.80068619938,-217.0950381545449,0.0
56,0.0028490028490028487,100.41253585167384,-228.09338983435293,1.1451717842135891,658.9173179650392,-66645.51017371181,228.09338983435293,0.0
58,0.002950752950752951,100.6050807455426,235.7970808036779,1.1861192176908621,894.714398768717,-90369.08064674675,-235.7970808036779,0.0
59,0.0030016280016280017,100.46856700307836,-177.0625152533588,0.8894608588732832,717.6518835153582,-72580.75293013996,177.0625152533588,0.0
60,0.0030525030525030525,100.62141698448067,-325.6144972007887,1.638189604951629,392.0373863145695,-39818.59902071234,325.6144972007887,0.0
62,0.003154253154253154,100.30349076210003,368.641247903519,1.8488002001809822,760.6786342180885,-76796.45182453217,-368.641247903519,0.0
65,0.0033068783068783067,100.5338253139154,-205.21225430889604,1.0315386463482668,555.4663799091925,-56166.71043621318,205.21225430889604,0.0
66,0.0033577533577533575,100.65913986131349,-218.24491365411882,1.0984172643765115,337.22146625507366,-34199.46356594733,218.24491365411882,0.0
68,0.003459503459503459,100.53127081673824,329.1780114928722,1.6546341910152655,666.3994777479459,-67293.80202044366,-329.1780114928722,0.0
69,0.00351037851037851,100.66679073722649,-160.2022296979759,0.8063522166321615,506.19724804996997,-51167.56404001707,160.2022296979759,0.0
71,0.003612128612128612,100.435485297628,-120.99387660176797,0.6076039357269942,385.203371448202,-39016.09292941291,120.99387660176797,0.0
73,0.003713878713878714,100.11265045652384,414.5865725722358,2.075268031194625,799.7899440204378,-80523.5288213366,-414.5865725722358,0.0
75,0.0038156288156288155,100.21333823472163,-207.40455016967337,1.0392351168786884,592.3853938507644,-59739.86571887971,207.40455016967337,0.0
76,0.0038665038665038664,100.32205903955627,-320.2398901001754,1.6063562580725401,272.14550375058906,-27614.346913686975,320.2398901001754,0.0
77,0.003917378917378918,100.25490225484077,430.8040231767034,2.159510761728628,702.9495269272925,-70806.72165902128,-430.8040231767034,0.0
79,0.004019129019129019,100.37849798554761,-374.5865263201327,1.880021643881936,328.3630006071598,-33208.16880302644,374.5865263201327,0.0
81,0.004120879120879121,100.40188398732519,220.1426818009732,1.1051369999419978,548.505682408133,-55312.01393886634,-220.1426818009732,0.0
82,0.004171754171754171,100.29773266359513,-222.71282105069213,1.116879549324871,325.79286135744087,-32975.53983191824,222.71282105069213,0.0
83,0.004222629222629223,100.24068990337463,214.16483157135292,1.0734015234876222,539.9576929287938,-54444.643703194175,-214.16483157135292,0.0
85,0.004324379324379324,99.99301006967646,-171.23022834000938,0.8560912973317778,368.7274645887844,-37323.67384785596,171.23022834000938,0.0
89,0.004527879527879528,100.07351422461251,-209.41838968353304,1.0478617099445244,159.30907490525138,-16367.487510675412,209.41838968353304,0.0
91,0.004629629629629629,100.24843669677693,110.86327100816592,0.5556934802829874,270.1723459134173,-27481.91280981544,-110.86327100816592,0.0
93,0.004731379731379731,100.16655019731392,-216.57475287553777,1.0846772927689206,53.597593037879534,-5789.451631729797,216.57475287553777,0.0
94,0.004782254782254782,100.15410136340736,481.7102221064249,2.412262720631818,535.3078151443044,-54037.118307086785,-481.7102221064249,0.0
96,0.004884004884004884,99.66285931872103,-331.72532602047875,1.6530347249817923,203.58248912382567,-20978.07684217592,331.72532602047875,-2.842170943040401e-14
98,0.004985754985754986,99.30086257988833,-203.58248912382567,1.0107958388078313,0.0,-763.1708618581033,203.58248912382567,0.0
99,0.005036630036630036,99.36325552087177,197.10327795330832,0.9792411685637993,197.10327795330832,-20348.973474302653,-197.10327795330832,0.0
101,0.005138380138380138,99.16347139660755,140.24264534111464,0.6953473774934099,337.34592329442296,-34256.61637154834,-140.24264534111464,0.0
102,0.005189255189255189,99.36592544037812,155.5155500444883,0.7726473275270008,492.86147333891125,-49710.33556941588,-155.5155500444883,0.0
105,0.005341880341880342,99.28007511262385,-346.4094174985455,1.7195776494487935,146.45205584036574,-15320.50215808946,346.4094174985455,2.842170943040401e-14
106,0.005392755392755392,99.24815510658718,-535.5960469876461,2.657845977295243,-389.14399114728036,37833.7595418381,535.5960469876461,-5.684341886080802e-14
107,0.005443630443630444,99.1003894519171,436.9846562643005,2.1652674810152153,47.84066511702014,-5473.755345947218,-436.9846562643005,-2.1316282072803006e-14
109,0.005545380545380545,99.17853143824851,193.46445040470954,0.9593760038323477,241.30511552172968,-24662.234798598005,-193.46445040470954,0.0
114,0.005799755799755799,98.6983644827424,260.80053293584376,1.2870293028497686,502.10564845757347,-50404.10788489623,-260.80053293584376,5.684341886080802e-14
115,0.00585063085063085,98.70961561413104,-182.1715966095478,0.89910441385705,319.93405184802566,-32422.918712169085,182.1715966095478,0.0
116,0.005901505901505902,98.62771371743855,268.42106290771983,1.3236877874096578,588.3551147557455,-58897.99814814965,-268.42106290771983,0.0
119,0.006054131054131054,98.91566334925167,20.254191963520952,0.10017284168373786,608.6093067192664,-60901.55515466609,-20.254191963520952,0.0
120,0.006105006105006105,98.8785976678688,-375.54614740405003,1.8566738207441609,233.0631593152164,-23769.93541360362,375.54614740405003,0.0
121,0.006155881155881155,98.71999947174162,224.41973684755834,1.1077358151519676,457.48289616277475,-45925.75945245812,-224.41973684755834,0.0
122,0.006206756206756207,98.74785439420722,230.98092773858798,1.1404435510084494,688.4638239013627,-68735.77091617812,-230.98092773858798,0.0
123,0.006257631257631257,98.78202904752287,233.16309721284142,1.151616192084465,921.6269211142042,-91769.24637405951,-233.16309721284142,0.0
124,0.006308506308506308,98.99301788949634,-307.6698631804061,1.5228584134938414,613.9570579337981,-61313.600962596174,307.6698631804061,0.0
127,0.0064611314611314604,99.40658666250759,29.189690131599036,0.1450823730859271,643.1467480653971,-64215.393506687804,-29.189690131599036,0.0
129,0.006562881562881563,99.12192909184576,-403.54380995885475,2.000002045809744,239.60293810654235,-24217.352592538737,403.54380995885475,0.0
130,0.006613756613756613,98.97799283789858,-428.1411355192538,2.1188275122517237,-188.53819741271144,18157.07882498348,428.1411355192538,2.842170943040401e-14
132,0.006715506715506715,98.7041678915495,-222.2054310912086,1.0966301088420394,-410.74362850392004,40088.58437171543,222.2054310912086,0.0
134,0.006817256817256817,98.76830397629976,134.8428910980415,0.6659101828507223,-275.90073740587854,26769.71480451813,-134.8428910980415,0.0
135,0.006868131868131868,98.54069153191881,-216.24704350629588,1.0654566604421665,-492.1477809121744,48077.782556701015,216.24704350629588,0.0
138,0.00702075702075702,98.56197047450851,-135.7453020561652,0.6689662226656498,-627.8930829683396,61456.43804379134,135.7453020561652,0.0
139,0.007071632071632071,98.87135326660261,-23.603264236640143,0.11668433382929075,-651.4963472049798,63790.00803604333,23.603264236640143,0.0
140,0.007122507122507122,99.32454754244382,-34.61561287106167,0.17190900431612977,-686.1119600760414,67228.01621336161,34.61561287106167,0.0
142,0.007224257224257224,99.23510856991624,443.5278525299099,2.2006767299793704,-242.58410754613152,23212.28093704422,-443.5278525299099,0.0
144,0.007326007326007326,98.94538029160185,-320.57736940088677,1.5859824864126035,-563.1614769470183,54930.344682809875,320.57736940088677,0.0
146,0.007427757427757428,98.75501227313025,333.73504164719316,1.6479004066921097,-229.42643529982513,21970.688648560987,-333.73504164719316,2.842170943040401e-14
148,0.007529507529507529,98.63856833046484,274.6707358525736,1.3546564073386569,45.244300552748484,-5123.7941546194925,-274.6707358525736,-1.4210854715202004e-14
149,0.00758038258038258,98.8037809137831,185.48395727643268,0.916325813888108,230.72825782918116,-23451.22675819554,-185.48395727643268,0.0
150,0.007631257631257631,98.82821244031297,-323.2827990560089,1.5974730571703128,-92.55454122682775,8496.63691215355,323.2827990560089,0.0
152,0.007733007733007733,98.64333407992376,273.5993219497351,1.349437465956417,181.04478072290735,-18493.461844440746,-273.5993219497351,2.842170943040401e-14
153,0.007783882783882783,98.38452932834014,-224.888914440853,1.106279499921234,-43.84413371794565,3631.021874484013,224.888914440853,-1.4210854715202004e-14
154,0.007834757834757835,98.30955889448694,-129.8850713631296,0.6384472036344114,-173.72920508107526,16399.327499968607,129.8850713631296,0.0
155,0.007885632885632885,98.30134143053611,-173.34890559020093,0.8520214977516056,-347.0781106712762,33438.905433502965,173.34890559020093,0.0
157,0.007987382987382987,98.59474080772226,-237.70891838879817,1.171842459811378,-584.7870290600744,56874.582787270716,237.70891838879817,0.0
160,0.00814000814000814,98.48650635903903,-347.2726781126248,1.7100836410629767,-932.0597071726992,91074.5455248892,347.2726781126248,0.0
161,0.00819088319088319,98.33754539137935,278.56438185982813,1.3696668772781189,-653.495325312871,63679.83831244954,-278.56438185982813,0.0
163,0.008292633292633292,98.55447713788952,-17.735777932566748,0.08739701603889176,-671.2311032454378,65427.691236211336,17.735777932566748,0.0
164,0.008343508343508343,98.42761018390219,230.71877016224056,1.1354548585819169,-440.51233308319723,42717.45860971442,-230.71877016224056,0.0
168,0.008547008547008546,98.62150391044858,-145.84641972396258,0.7191796626565851,-586.3587528071598,57100.332683183464,145.84641972396258,0.0
169,0.008597883597883597,98.59734553262587,226.60243223725445,1.1171199154915008,-359.75632056990537,34756.817253437956,-226.60243223725445,0.0
170,0.008648758648758649,98.59111829527424,-89.57343672527463,0.4415572648147907,-449.32975729518,43587.520992468955,89.57343672527463,0.0
171,0.0086996336996337,98.48994856367383,316.2041939668643,1.5571467399707204,-133.1255633283157,12443.029046314576,-316.2041939668643,0.0
172,0.00875050875050875,98.5589920644927,-403.8955162916218,1.9903767492535065,-537.0210796199375,52248.57365463546,403.8955162916218,0.0
173,0.0088013838013838,98.48872967690248,-261.5216830233138,1.2878469171965865,-798.5427626432513,78004.22415164999,261.5216830233138,0.0
174,0.008852258852258852,98.2995765583368,-154.57198715050254,0.7597180442337538,-953.1147497937538,93197.82531828084,154.57198715050254,0.0
175,0.008903133903133903,98.10273034164202,23.759677168254257,0.11654446011208579,-929.3550726254996,90866.819571579,-23.759677168254257,0.0
177,0.009004884004884004,98.37291585861905,-294.7340514176001,1.4496924020386737,-1224.0891240430997,119859.21791995045,294.7340514176001,0.0
179,0.009106634106634107,98.37945775242282,261.63146569508217,1.28695808630269,-962.4576583480175,94118.76923581035,-261.63146569508217,0.0
180,0.009157509157509158,98.42367143534771,170.6681898944721,0.8398894923319528,-791.7894684535454,77320.13949967897,-170.6681898944721,0.0
181,0.009208384208384207,98.62566335721615,115.33589174474218,0.5687539416110634,-676.4535767088032,65944.4919135161,-115.33589174474218,0.0
182,0.009259259259259259,98.65970063752823,-138.62279182453233,0.6838241571473378,-815.0763685333355,79620.29123230571,138.62279182453233,0.0
183,0.00931013431013431,98.59618242590139,-263.2395145049496,1.2977205596917865,-1078.3158830382852,105573.40470558175,263.2395145049496,0.0
184,0.009361009361009361,98.76757102527293,160.87527839380118,0.7944630242485157,-917.440604644484,89683.34975758719,-160.87527839380118,0.0
185,0.00941188441188441,98.83412361798793,85.175521175374,0.42091239945367315,-832.26508346911,81264.68085611427,-85.175521175374,0.0
186,0.009462759462759462,99.07266990437769,166.54642523148425,0.8250099505356481,-665.7186582376257,64763.656835450776,-166.54642523148425,0.0
188,0.009564509564509565,98.91108691555134,245.81865273335308,1.215709506298621,-419.90000550427266,40448.250999972064,-245.81865273335308,0.0
191,0.009717134717134717,99.22323591924452,-15.466586121053467,0.07673223617773006,-435.3665916253261,41982.818991290485,15.466586121053467,0.0
192,0.009768009768009768,99.195368457579,194.27404210431516,0.9635542594140379,-241.09254952101097,22710.770248750312,-194.27404210431516,0.0
193,0.00981888481888482,99.13582058079791,-285.67303187085076,1.4160215216160612,-526.7655813918617,51029.78465954992,285.67303187085076,0.0
194,0.009869759869759869,99.36350768265405,182.7565803047397,0.9079667435582792,-344.009001087122,32869.54182164078,-182.7565803047397,0.0
195,0.00992063492063492,99.19112661349386,-330.6526148292504,1.63989026913055,-674.6616159163724,65665.70731398265,330.6526148292504,0.0
196,0.009971509971509971,99.0520400732585,295.3080255857618,1.462543119213786,-379.3535903306106,36413.38238658772,-295.3080255857618,0.0
197,0.010022385022385023,99.15216339541053,187.46845164500476,0.9293951274495065,-191.88513868560582,17824.550442470143,-187.46845164500476,0.0
198,0.010073260073260072,99.09086605949425,96.62435267756388,0.4787295394628908,-95.26078600804195,8249.480923672863,-96.62435267756388,0.0
199,0.010124135124135123,99.09014930332798,285.75934468517346,1.41579680648375,190.4985586771315,-20067.87100280862,-285.75934468517346,0.0
200,0.010175010175010175,99.06481827351058,-143.01595195777185,0.7083924645454894,47.482606719359666,-5900.730104363378,143.01595195777185,1.4210854715202004e-14
204,0.010378510378510378,99.45134302730634,-196.32990671324185,0.9762636449528834,-148.8472999938822,13623.566531049339,196.32990671324185,0.0
205,0.01042938542938543,99.13199125523433,-90.38174413506249,0.4479861134614921,-239.22904412894468,22582.84081416572,90.38174413506249,0.0
209,0.010632885632885633,98.66845129165182,-168.17994640533237,0.8297027425063576,-407.40899053427705,39176.06596155037,168.17994640533237,0.0
210,0.010683760683760684,98.61681199099812,-402.2150221566516,1.9832581609988829,-809.6240126909287,78839.24592336704,402.2150221566516,0.0
211,0.010734635734635734,98.75872769716668,214.69591366301177,1.0601547637569892,-594.9280990279169,57635.0904934635,-214.69591366301177,0.0
213,0.010836385836385836,98.55828466761855,-298.02030449763856,1.468618500370431,-892.9484035255555,87005.99188237175,298.02030449763856,0.0
214,0.010887260887260887,98.48351230744352,141.02914370304757,0.6944522704793653,-751.9192598225079,73116.25202051396,-141.02914370304757,0.0
216,0.010989010989010988,98.58805312975126,169.4528428054026,0.835301293474321,-582.4664170171053,56409.39084973406,-169.4528428054026,0.0
217,0.01103988603988604,98.67141580153934,265.6085854060692,1.3103987585530463,-316.8578316110361,30200.10527991458,-265.6085854060692,0.0
218,0.01109076109076109,98.87878748462319,84.78085415509312,0.41915140303831433,-232.07697745594297,21816.658067745255,-84.78085415509312,0.0
220,0.011192511192511191,98.74707915212925,-316.06964957174034,1.5605477351923198,-548.1466270276833,53026.05222385646,316.06964957174034,0.0
221,0.011243386243386243,98.71247704586001,-452.5071141471541,2.233404905916965,-1000.6537411748374,97691.91693728985,452.5071141471541,0.0
222,0.011294261294261294,98.75012595594659,178.20982457149887,0.879912131151133,-822.4439166033385,80092.79440213603,-178.20982457149887,0.0
223,0.011345136345136345,98.77757052349281,-186.07476013817268,0.919000637109518,-1008.5186767415112,98471.88814368928,186.07476013817268,0.0
224,0.011396011396011395,98.60971188241112,155.30682192826578,0.7657380481859609,-853.2118548132454,83156.36144192188,-155.30682192826578,0.0
225,0.011446886446886446,98.62379429043153,-226.35045726797682,1.116177046757103,-1079.5623120812222,105478.78620001717,226.35045726797682,0.0
227,0.011548636548636549,99.04979327401655,227.2735899477483,1.1255701050484037,-852.2887221334739,82966.25852894405,-227.2735899477483,0.0
228,0.011599511599511598,99.34201693346793,-29.267930552465486,0.14537676262752947,-881.5566526859394,85873.64840473201,29.267930552465486,0.0
230,0.0117012617012617,99.16452725377006,257.77245895322505,1.2780942015569206,-623.7841937327144,60310.48627939205,-257.77245895322505,0.0
231,0.011752136752136752,98.93714501668128,16.506229157510575,0.08165395939175984,-607.2779645752038,58677.32543759746,-16.506229157510575,0.0
233,0.011853886853886853,98.89460335217238,374.91638094853425,1.8538603392068627,-232.36158362666953,21598.264793120994,-374.91638094853425,0.0
236,0.012006512006512007,98.86731953130506,-277.0899668598407,1.3697571146225298,-509.4515504865102,48992.037328456965,277.0899668598407,0.0
237,0.012057387057387056,98.53482580213662,-290.7704619972716,1.432550841065397,-800.2220124837818,77641.62159892384,290.7704619972716,0.0
239,0.012159137159137159,98.34574429224728,149.24104977870763,0.7338611059721664,-650.9809627050741,62963.66561837454,-149.24104977870763,0.0
240,0.01221001221001221,98.26415252468153,-250.80624379735264,1.232263149732276,-901.7872065024268,87607.69634987033,250.80624379735264,0.0
241,0.01226088726088726,98.12911685465502,-26.38317560585176,0.12944788610117558,-928.1703821082785,90196.52462400774,26.38317560585176,0.0
242,0.01231176231176231,98.11468195683267,212.3609974369972,1.0417865861783369,-715.8093846712814,69359.75111385483,-212.3609974369972,0.0
243,0.012362637362637362,97.84451286241418,25.462016106840906,0.12456592812343961,-690.3473685644404,66868.30798545791,-25.462016106840906,0.0
244,0.012413512413512413,97.61960543214991,-215.1133770347799,1.0499641494656256,-905.4607455992203,87866.54101062096,215.1133770347799,0.0
245,0.012464387464387465,97.94639531379397,-41.328404426600514,0.20239841188280833,-946.7891500258208,91914.30684986524,41.328404426600514,0.0
246,0.012515262515262514,97.74880146638692,25.162266006682444,0.12297906721658095,-921.6268840191384,89454.6025264664,-25.162266006682444,0.0
247,0.012566137566137565,97.5807927166397,-213.5459728664299,1.0418992656876132,-1135.1728568855683,110291.54594095299,213.5459728664299,0.0
248,0.012617012617012617,97.86255022711734,-44.8723538900922,0.21956614931890658,-1180.0452107756605,114682.6493611818,44.8723538900922,0.0
249,0.012667887667887668,98.30976364697169,-71.89161206587005,0.35338236951977314,-1251.9368228415306,121749.94336920774,71.89161206587005,0.0
250,0.012718762718762718,98.12927501568495,29.214953247422045,0.14334210908933281,-1222.7218695941085,118882.957845312,-29.214953247422045,0.0
252,0.01282051282051282,98.12532251352833,127.21991057110449,0.624174737746593,-1095.501959023004,106398.8389156424,-127.21991057110449,0.0
253,0.012871387871387871,98.3919428501102,266.7708485491954,1.312405104226392,-828.7311104738086,80149.42442601033,-266.7708485491954,0.0
254,0.012922262922262921,98.23977343687574,16.18239083380047,0.07948772045897665,-812.5487196400081,78559.59052911034,-16.18239083380047,0.0
256,0.013024013024013023,98.32198633620418,-181.47616660156098,0.8921548586472696,-994.0248862415691,96401.79554719708,181.47616660156098,0.0
257,0.013074888074888075,98.38916651062058,470.93417645346574,2.316741055131101,-523.0907097881034,50064.65770351993,-470.93417645346574,0.0
259,0.013176638176638176,98.31061980806584,350.50494346744654,1.7229179119037872,-172.58576632065683,15604.576547532284,-350.50494346744654,-2.842170943040401e-14
260,0.013227513227513227,98.09882502300708,-247.0382748199982,1.211708224777627,-419.62404114065504,39837.529334860046,247.0382748199982,0.0
262,0.01332926332926333,98.02134343783874,211.9993482943761,1.0390230463880517,-207.62469284627895,19056.029384052625,-211.9993482943761,0.0
263,0.013380138380138379,98.05713973516025,-209.5840822618439,1.0275607820307473,-417.20877510812284,39606.21746388554,209.5840822618439,0.0
264,0.01343101343101343,97.97180743375712,169.7506390565534,0.831538846070293,-247.45813605156943,22974.609003633614,-169.7506390565534,0.0
266,0.013532763532763533,98.20041490844498,204.94775730567562,1.0062977400986315,-42.5103787458938,2847.6479039208825,-204.94775730567562,-7.105427357601002e-15
268,0.013634513634513633,98.2787587803335,214.27964491500163,1.052956876706848,171.76926616910782,-18212.542587092783,-214.27964491500163,0.0
269,0.013685388685388685,98.28703563367806,-257.74068078269414,1.2666283738168551,-85.97141461358632,7118.7582608705015,257.74068078269414,1.4210854715202004e-14
270,0.013736263736263736,98.28712765539763,171.938032234479,0.8449647661524056,85.96661762089269,-9781.38202694376,-171.938032234479,1.4210854715202004e-14
271,0.013787138787138787,98.17598291364686,-213.04273428045116,1.045783992029709,-127.07611665955847,11133.25202965839,213.04273428045116,-1.4210854715202004e-14
273,0.013888888888888888,98.20991700148166,84.53375318536078,0.4151026442079009,-42.542363474197685,2830.784042856163,-84.53375318536078,7.105427357601002e-15
274,0.01393976393976394,98.53310444637602,397.35785780594495,1.95764516528907,354.81549433174723,-36324.07690809053,-397.35785780594495,0.0
276,0.01404151404151404,98.8366553439749,197.849806806321,0.9777406582594184,552.6653011380682,-55879.867813937155,-197.849806806321,0.0
278,0.014143264143264143,98.54636866409115,157.9927289896974,0.7784804858632282,710.6580301277656,-71450.25601168758,-157.9927289896974,0.0
279,0.014194139194139194,98.73081603282817,289.2909457932468,1.4280965574537958,999.9489759210124,-100013.61525732095,-289.2909457932468,0.0
280,0.014245014245014244,98.77161083803257,-223.39162226992448,1.1032375189660875,776.557353651088,-77949.96811551816,223.39162226992448,0.0
281,0.014295889295889295,98.84613637209513,-269.48062161650614,1.3318559136971067,507.0767320345818,-51314.18169748972,269.48062161650614,0.0
282,0.014346764346764346,98.57598604369784,-239.64147856539017,1.1811447523276508,267.43525346919165,-27692.467795689034,239.64147856539017,0.0
284,0.014448514448514449,98.79012864629748,236.09140956455957,1.1661750361584273,503.5266630337512,-51017.134693893735,-236.09140956455957,0.0
285,0.014499389499389498,98.61821847297655,-413.92077694369846,2.0410064805568924,89.60588609005276,-10199.046089236443,413.92077694369846,1.4210854715202004e-14
288,0.014652014652014652,98.59442008221217,133.69983575798315,0.6591028885822682,223.30572184803592,-23381.762963770387,-133.69983575798315,0.0
289,0.014702889702889702,98.5493069120384,220.73522995194875,1.0876651961416985,444.04095179998467,-45136.1545518005,-220.73522995194875,0.0
291,0.014804639804639804,98.49451051127902,-311.77167371315585,1.535389919682974,132.26927808682882,-14429.891548060703,311.77167371315585,0.0
292,0.014855514855514855,98.51817204573244,-176.489846824222,0.8693728546876835,-44.220568737393194,2956.696172838281,176.489846824222,0.0
294,0.014957264957264956,98.34916984647049,174.00713712396606,0.8556728741751509,129.78656838657287,-14157.616983538912,-174.00713712396606,0.0
297,0.01510989010989011,98.38578225861035,-42.86658005759624,0.2108731005858976,86.91998832897663,-9940.365844921545,42.86658005759624,0.0
298,0.01516076516076516,98.32845970573432,-345.7234636064487,1.69972278302768,-258.8034752774721,24052.390092849026,345.7234636064487,0.0
299,0.01521164021164021,98.05785683985623,-198.89248041415925,0.9751485185487769,-457.69595569163135,43554.38531530602,198.89248041415925,0.0
300,0.015262515262515262,98.1084177699058,80.69144087825231,0.3958254796069616,-377.00451481337905,35637.47989768718,-80.69144087825231,0.0
301,0.015313390313390313,98.37478417280649,246.84482928918874,1.2141653402748602,-130.1596855241903,11352.958926849704,-246.84482928918874,0.0
302,0.015364265364265363,98.13836778255427,382.467984137127,1.8767391846150754,252.3082986129367,-26183.701504636414,-382.467984137127,0.0
303,0.015415140415140414,98.27156441341629,-38.31632590450292,0.18827026446049047,213.9919727084338,-22418.484485691064,38.31632590450292,0.0
304,0.015466015466015465,98.22099566231678,-128.9713275581262,0.6333846102324976,85.02064515030759,-9751.425665651346,128.9713275581262,0.0
305,0.015516890516890517,98.21162330904056,-297.2928348019098,1.4598805952020995,-212.27218965160222,19444.726357795444,297.2928348019098,0.0
306,0.015567765567765566,98.04957122530155,212.27218965160222,1.0406598589197744,0.0,-1369.5114804589684,-212.27218965160222,0.0
307,0.015618640618640618,97.99820465614187,-164.98967239713673,0.8084345840862203,-164.98967239713673,14798.37176668135,164.98967239713673,0.0
308,0.01566951566951567,98.19840545358647,-385.82902577369475,1.894389755434377,-550.8186981708315,52684.27248561346,385.82902577369475,0.0
309,0.01572039072039072,98.2883079150148,379.31891476157944,1.8641307146037684,-171.49978340925202,15399.794062823486,-379.31891476157944,2.842170943040401e-14
312,0.015873015873015872,98.80640227396734,171.49978340925202,0.8472638294716412,0.0,-1546.3297904388128,-171.49978340925202,0.0
313,0.01592389092389092,99.07724206317364,-284.0458090049749,1.4071237687907943,-284.0458090049749,26594.73846160828,284.0458090049749,0.0
315,0.016025641025641024,99.27457628728591,-152.09113548930878,0.7549391516376661,-436.1369444942837,41692.766555209964,152.09113548930878,0.0
316,0.016076516076516077,99.22846682058851,243.3541061569621,1.2073827424225045,-192.78283833732158,17543.904324017454,-243.3541061569621,0.0
317,0.016127391127391127,99.23890885933311,337.543080962825,1.674870352388414,144.76024262550342,-15955.177594103221,-337.543080962825,-2.842170943040401e-14
318,0.016178266178266176,99.13044193756572,379.2164387971252,1.8795946583974434,523.9766814226286,-53548.950356710484,-379.2164387971252,0.0
321,0.016330891330891332,99.22306606246018,294.6814298197389,1.4619597489192089,818.6581112423676,-82789.60729484358,-294.6814298197389,0.0
322,0.01638176638176638,99.19346592570946,-290.8124187088092,1.4423345872982711,527.8456925335583,-53944.35788346545,290.8124187088092,0.0
323,0.01643264143264143,99.37602185114486,256.5432424148794,1.2747123431992302,784.3889349484377,-79439.87945979324,-256.5432424148794,0.0
325,0.016534391534391533,99.77799372812656,-117.39464323076345,0.5856700987997385,666.9942917176743,-67727.06315389727,117.39464323076345,0.0
326,0.016585266585266583,99.89255739452251,268.2107525137367,1.3396128994653258,935.205044231411,-94520.66075610324,-268.2107525137367,0.0
327,0.016636141636141636,99.6465234757629,-25.1529982593147,0.12532044157663128,910.0520459720963,-92014.37724501219,25.1529982593147,0.0
329,0.01673789173789174,99.45314254337808,326.3209276406985,1.6226820865768878,1236.3729736127948,-124469.64165863652,-326.3209276406985,0.0
330,0.016788766788766788,99.3723721749051,135.42732527333897,0.6728867284857085,1371.8002988861338,-137928.04911507916,-135.42732527333897,0.0
331,0.016839641839641838,99.60838374199925,37.62934873237759,0.18740993042480902,1409.4296476185114,-141676.43513350576,-37.62934873237759,0.0
332,0.01689051689051689,99.70816304529143,-187.7444557592794,0.9359827402847867,1221.685191859232,-122957.71631055031,187.7444557592794,0.0
334,0.016992266992266993,99.44072024344314,-36.638134460478796,0.18216612395630627,1185.0470573987532,-119314.57599754815,36.638134460478796,0.0
336,0.017094017094017092,99.25633308405746,216.2483346429833,1.0732008366098336,1401.2953920417365,-140779.66593058142,-216.2483346429833,0.0
337,0.017144892144892145,99.15193643982337,-17.363663883211302,0.08608204488553119,1383.9317281585252,-139058.1111149157,17.363663883211302,0.0
339,0.017246642246642244,99.38065696901968,184.91544631027864,0.918850926901749,1568.8471744688038,-157436.04850387757,-184.91544631027864,0.0
340,0.017297517297517297,99.4757168021505,215.61429819442765,1.0724193432841658,1784.4614726632315,-178885.50778890416,-215.61429819442765,0.0
341,0.017348392348392347,99.1187772196128,-263.6760858252867,1.3067625604528048,1520.7853868379448,-152751.5633424085,263.6760858252867,0.0
342,0.0173992673992674,99.1662082352766,247.6031920027333,1.2276934848931111,1768.388578840678,-177306.66073375562,-247.6031920027333,0.0
343,0.01745014245014245,99.17749776845694,-380.5319648898171,1.8870104049343186,1387.856613950861,-139568.3396454742,380.5319648898171,0.0
344,0.0175010175010175,99.24201145786972,251.79017920912884,1.2494081925025717,1639.6467931599898,-164557.75290371812,-251.79017920912884,0.0
345,0.017551892551892552,99.49410226267842,49.01831974453512,0.24385168587037234,1688.665112904525,-169435.03047281143,-49.01831974453512,0.0
346,0.0176027676027676,99.17257979964556,-206.1369811686527,1.0221568107303123,1482.5281317358722,-148992.9164150159,206.1369811686527,0.0
347,0.017653642653642655,99.08071429955889,314.67762510903526,1.558924193494601,1797.2057568449075,-180172.95920910142,-314.67762510903526,0.0
348,0.017704517704517704,99.17270856151895,19.976182036472665,0.09905460396374768,1817.1819388813801,-182154.15034298034,-19.976182036472665,0.0
349,0.017755392755392754,98.92696447085511,-53.6430099351046,0.265337006897991,1763.5389289462755,-176847.67554202743,53.6430099351046,0.0
350,0.017806267806267807,99.15642873256822,-188.66316584561037,0.9353582879315482,1574.8757631006652,-158141.44514168438,188.66316584561037,0.0
352,0.017908017908017906,99.3458075931949,279.779766343092,1.389747341779492,1854.6555294437571,-185937.781724616,-279.779766343092,0.0
353,0.01795889295889296,99.25692151913373,-164.33189545518553,0.8155539025142919,1690.3236339885716,-169627.51922823268,164.33189545518553,0.0
354,0.018009768009768008,99.38382835203873,515.6559205466019,2.5623929748158005,2205.9795545351735,-220877.9411175235,-515.6559205466019,0.0
355,0.01806064306064306,99.55067837142262,-106.93142540934787,0.5322547969361879,2099.0481291258257,-210233.37743359667,106.93142540934787,0.0
357,0.01816239316239316,99.62386070404358,521.4551338501278,2.5974686809046768,2620.5032629759535,-262185.34852037113,-521.4551338501278,0.0
358,0.018213268213268213,99.66621216766468,-139.34891894906195,0.694418946065596,2481.1543440268915,-248297.66401800528,139.34891894906195,0.0
359,0.018264143264143263,99.53136064930442,-37.94950649184375,0.18885830085514096,2443.204837535048,-244520.68685920333,37.94950649184375,0.0
361,0.018365893365893365,99.48466857884384,-310.81213715971035,1.5460521227807968,2132.3927003753374,-213601.19045571017,310.81213715971035,0.0
363,0.018467643467643468,99.70099782817371,53.28331419758251,0.2656199796545536,2185.67601457292,-218913.8556687809,-53.28331419758251,0.0
364,0.018518518518518517,99.53560769554477,-40.87379986351016,0.2034199254120279,2144.80221470941,-214845.66058046574,40.87379986351016,0.0
365,0.018569393569393567,99.516164427632,-54.62828775361095,0.27181988332441714,2090.173926955799,-209409.53473386072,54.62828775361095,0.0
366,0.01862026862026862,99.74785724865883,-97.45933564031316,0.48606799494995423,1992.7145913154857,-199688.6609028566,97.45933564031316,0.0
367,0.01867114367114367,99.63161641171334,326.926296630518,1.628609769039689,2319.6408879460037,-232262.4848934194,-326.926296630518,0.0
368,0.018722018722018723,99.50322807954198,164.7381696193156,0.8195989832518519,2484.3790575653193,-248655.2841574397,-164.7381696193156,0.0
370,0.01882376882376882,99.66695227478871,46.94767917038325,0.233956604964334,2531.3267367357025,-253334.65021333133,-46.94767917038325,0.0
372,0.018925518925518924,99.87696487924059,60.171792580888905,0.3004888007161195,2591.4985293165914,-259344.72671645443,-60.171792580888905,0.0
373,0.018976393976393977,100.01141728727801,196.2541178185602,0.9813826235749322,2787.7526471351516,-278973.3605705766,-196.2541178185602,0.0
374,0.019027269027269027,100.14369759882639,413.50178623232387,2.0704798918512197,3201.2544333674755,-320385.0288874929,-413.50178623232387,0.0
375,0.019078144078144076,100.23089230452538,-77.90123082132504,0.3904054938421102,3123.3532025461504,-312577.3094161445,77.90123082132504,0.0
376,0.01912901912901913,100.5977385514816,120.61073915804036,0.6066583802160744,3243.963941704191,-324711.0836788462,-120.61073915804036,0.0
377,0.01917989417989418,100.56543843105604,-456.54688087534123,2.29564186197799,2787.4170608288496,-278800.54208114836,456.54688087534123,0.0
378,0.01923076923076923,100.24984740237278,-89.51647006073972,0.44870062317941145,2697.90059076811,-269826.97831818333,89.51647006073972,0.0
379,0.01928164428164428,100.50261281210602,-205.19631440963713,1.0311382868791465,2492.7042763584727,-249205.24371888727,205.19631440963713,0.0
380,0.01933251933251933,100.43053680392269,91.59205418710644,0.4599319584492538,2584.296330545579,-258404.3428198308,-91.59205418710644,0.0
381,0.019383394383394384,100.44762034367865,279.964196596341,1.4060868664766135,2864.26052714192,-286527.48623622954,-279.964196596341,0.0
382,0.019434269434269433,100.65432649305855,229.54932388517136,1.155256629629944,3093.8098510270916,-309633.7740854581,-229.54932388517136,0.0
383,0.019485144485144483,100.40165521336037,-352.7629947153696,1.7708994283722503,2741.046856311722,-274217.55641744146,352.7629947153696,0.0
384,0.019536019536019536,100.20473336997387,266.0850978300059,1.3331493140889576,3007.131954141728,-300881.8758485347,-266.0850978300059,0.0
385,0.019586894586894586,99.9533446583685,-341.9625516146457,1.7090150390896903,2665.169402527082,-266703.28408178,341.9625516146457,0.0
386,0.01963776963776964,99.82894566773454,324.27151602870936,1.618584177761197,2989.4409185557915,-299076.58622118173,-324.27151602870936,0.0
387,0.019688644688644688,99.89791899291706,-340.5955867813491,1.7012395168814132,2648.8453317744425,-265053.49712307035,340.5955867813491,0.0
388,0.019739519739519738,99.98020414902821,-80.73446058736045,0.40359239256929846,2568.110871187082,-256982.05286407695,80.73446058736045,0.0
390,0.01984126984126984,99.80222182564995,-307.19495184258676,1.5329369363756848,2260.9159193444953,-226324.84707349964,307.19495184258676,0.0
391,0.01989214489214489,99.44117486984489,351.811650185733,1.749228191368409,2612.7275695302283,-261311.16012905916,-351.811650185733,0.0
392,0.019943019943019943,99.44973661098123,298.6189651521472,1.484878871571241,2911.3465346823755,-291010.22243935557,-298.6189651521472,0.0
393,0.019993894993894992,99.37622054888223,23.698432186554783,0.11775303118168988,2935.0449668689303,-293365.40081602056,-23.698432186554783,0.0
394,0.020044770044770045,99.44796294029086,24.85410310012867,0.12358449620078821,2959.899069969059,-295837.21432453254,-24.85410310012867,0.0
395,0.020095645095645095,99.5576450057589,38.03652229865702,0.1893413292131664,2997.935592267716,-299624.2302501251,-38.03652229865702,0.0
397,0.020197395197395197,99.69825255548066,48.680543933315676,0.24266825818009394,3046.6161362010316,-304477.8380819852,-48.680543933315676,0.0
399,0.0202991452991453,99.8172690290215,41.15953492797098,0.20542161855073432,3087.7756711290026,-308586.47587461845,-41.15953492797098,0.0
400,0.02035002035002035,99.70703571914761,-495.72712989808724,2.471374132384956,2592.0485412309154,-259161.46460105173,495.72712989808724,0.0
401,0.0204008954008954,99.67901795774031,-312.2962187722137,1.5564690199564943,2279.7523224587017,-228033.6406709418,312.2962187722137,0.0
402,0.020451770451770452,99.70988162529818,313.0259459075878,1.5605890006046286,2592.7782683662895,-259246.98127203496,-313.0259459075878,0.0
403,0.0205026455026455,99.83842740057953,450.5354930798853,2.249037755862022,3043.313761446175,-304229.98542703124,-450.5354930798853,0.0
404,0.02055352055352055,99.7768410736005,-174.74819587767615,0.8717911483992652,2868.5655655684986,-286795.0342501943,174.74819587767615,0.0
405,0.020604395604395604,99.85855318102553,-180.36290599113863,0.9005389419900212,2688.20265957736,-268785.1559493359,180.36290599113863,0.0
406,0.020655270655270654,99.81698599162512,-424.18970375149956,2.117066885857752,2264.0129558258604,-226445.9352990667,424.18970375149956,0.0
407,0.020706145706145707,99.79865708489096,149.33318640979087,0.7451625730952409,2413.3461422356513,-241349.93192354462,-149.33318640979087,0.0
408,0.020757020757020756,99.928727083206,347.926411859833,1.7383921727890188,2761.2725540954843,-276119.51377149776,-347.926411859833,0.0
409,0.020807895807895806,99.6167695281288,-95.86346614155946,0.4774804406395653,2665.409087953925,-266570.3824391471,95.86346614155946,0.0
410,0.02085877085877086,99.4143941527206,-258.885218528756,1.286845857756548,2406.523869425169,-240834.7521298739,258.885218528756,0.0
411,0.020909645909645908,99.18352175519281,316.16357014222785,1.5679108168700542,2722.6874395673967,-272194.53637809184,-316.16357014222785,0.0
412,0.02096052096052096,98.82106687118572,-120.50862886999766,0.595439563605847,2602.178810697399,-260286.3405455385,120.50862886999766,0.0
413,0.02101139601139601,98.71602446702127,-260.19733864383306,1.2842823423909222,2341.981472053566,-234601.97798006245,260.19733864383306,0.0
414,0.02106227106227106,98.8322625434903,-193.48626090473,0.9561342468147268,2148.495211148836,-215480.24917801472,193.48626090473,0.0
417,0.021214896214896212,98.98803928703147,42.37541016677915,0.20973293831966033,2190.870621315615,-219675.11767734625,-42.37541016677915,0.0
418,0.021265771265771265,99.19456466964179,-278.1611865282937,1.3796038902832561,1912.7094347873215,-192084.41947557143,278.1611865282937,0.0
420,0.021367521367521368,99.39485678606954,291.5425591743467,1.4488915458089198,2204.251993961668,-221063.69928329563,-291.5425591743467,0.0
421,0.021418396418396417,99.4093066595333,-290.672194966216,1.444776068339811,1913.5797989954522,-192169.62269256776,290.672194966216,0.0
422,0.021469271469271467,99.27884487745578,-29.775236462054863,0.1478025540952955,1883.8045625333973,-189213.71941321593,29.775236462054863,0.0
423,0.02152014652014652,99.1863677999627,-212.18827884282018,1.0523092334072501,1671.6162836905771,-168168.58705430434,212.18827884282018,0.0
424,0.02157102157102157,98.95628099367687,-47.14945155408054,0.23328671883416746,1624.4668321364966,-163503.0859643398,47.14945155408054,0.0
425,0.021621896621896623,98.81854611909938,336.5900954979911,1.663067193760015,1961.0569276344877,-196766.09290673386,-336.5900954979911,0.0
427,0.02172364672364672,98.8878212748519,-304.83447637278846,1.5072208608982685,1656.2224512616992,-166623.1829096294,304.83447637278846,0.0
428,0.021774521774521775,99.15527990560535,-229.1504709360604,1.1360739543083176,1427.0719803256388,-143902.83989741735,229.1504709360604,0.0
429,0.021825396825396824,98.94053427435588,-37.77246827120166,0.18686140958069242,1389.2995120544372,-140165.7985672131,37.77246827120166,0.0
431,0.021927146927146927,98.8401821701908,-17.761592395446996,0.08777795139993284,1371.5379196589902,-138410.32731716582,17.761592395446996,0.0
433,0.02202889702889703,98.89364911901367,193.35439512644143,0.9560760853626713,1564.8923147854316,-157532.8051005046,-193.35439512644143,0.0
434,0.02207977207977208,98.61001109908027,-278.34858090733474,1.372397832634276,1286.5437338780969,-130086.22084565171,278.34858090733474,0.0
435,0.02213064713064713,98.75383768545522,159.9357870275644,0.7897136376107815,1446.4795209056613,-145881.28331150496,-159.9357870275644,0.0
436,0.02218152218152218,98.66020852201886,-196.23070758476365,0.9680081264368046,1250.2488133208976,-126522.0887908953,196.23070758476365,0.0
438,0.022283272283272284,98.41240702328136,-559.0892638745839,2.7510660099386155,691.1595494463137,-71503.51965813292,559.0892638745839,0.0
439,0.022334147334147333,98.31149849335894,-179.89096894133974,0.88426753610227,511.26858050497395,-53819.053203623625,179.89096894133974,0.0
442,0.022486772486772486,98.39929295409864,221.57739937053856,1.0901529716334468,732.8459798755125,-75623.20278926419,-221.57739937053856,0.0
444,0.022588522588522588,98.65959757651784,-241.95394268680207,1.1935539308765877,490.89203718871045,-51753.31772566332,241.95394268680207,0.0
446,0.02269027269027269,98.3784484466411,-18.17430867910315,0.08939801447202456,472.7177285096073,-49965.4468342373,18.17430867910315,0.0
448,0.02279202279202279,98.49225085550292,-298.18071735360377,1.4684245006932477,174.53701115600353,-20598.42524487304,298.18071735360377,2.842170943040401e-14
449,0.022842897842897843,98.66474439735791,-174.53701115600353,0.8610324796792947,0.0,-3378.6366837668247,174.53701115600353,0.0
450,0.022893772893772892,98.7241974289074,-224.94893275394722,1.110395142431135,-224.94893275394722,18828.155769713445,224.94893275394722,0.0
451,0.022944647944647945,98.7039634437178,-178.86515972866843,0.8827350093606617,-403.81409248261565,36481.97322191732,178.86515972866843,0.0
453,0.023046398046398044,99.06096922041917,356.84948987376686,1.7674928166353752,-46.96460260884879,1130.349396393176,-356.84948987376686,7.105427357601002e-15
454,0.023097273097273097,99.38443272941045,144.70088077123324,0.7190507475447536,97.73627816238445,-13251.384605249441,-144.70088077123324,-1.4210854715202004e-14
455,0.023148148148148147,99.3953334046004,-195.59772065964052,0.9720750329072433,-97.86144249725606,6189.143977862517,195.59772065964052,0.0
456,0.023199023199023196,99.42040139040294,-294.7527898457488,1.4652220338702715,-392.61423234300486,35492.11943323408,294.7527898457488,0.0
457,0.02324989824989825,99.588526826807,342.54917683551247,1.7056983943392043,-50.06505550749239,1376.4458480556568,-342.54917683551247,-7.105427357601002e-15
458,0.0233007733007733,99.45654028920883,-245.65449592669853,1.221597313567949,-295.7195514341909,25807.170522101067,245.65449592669853,0.0
464,0.023606023606023607,98.85412641176163,21.40196820413638,0.10578364351561004,-274.31758323005454,23691.39186814535,-21.40196820413638,0.0
468,0.023809523809523808,98.86498999119138,228.54359113971458,1.1297479925289409,-45.77399209033996,1095.3022695740037,-228.54359113971458,1.4210854715202004e-14
470,0.02391127391127391,98.8874761678405,-46.03017772762129,0.22759040515208068,-91.80416981796125,5646.882782210465,46.03017772762129,0.0
471,0.02396214896214896,98.9415254158814,-185.51249463258787,0.9177444601326877,-277.3166644505491,24000.854240404085,185.51249463258787,0.0
472,0.024013024013024013,98.87842296620599,-181.1203518442399,0.8954447378721401,-458.43701629478903,41908.85355310902,181.1203518442399,0.0
475,0.024165649165649165,98.95939779108038,-236.30293925530475,1.1692198282483603,-694.7399555500938,65292.08089824798,236.30293925530475,0.0
476,0.024216524216524215,98.90680924063592,234.71861163521788,1.16076344731157,-460.0213439148759,42075.65118856927,-234.71861163521788,0.0
477,0.024267399267399268,99.0721401743512,37.20420844307631,0.18429502769741185,-422.8171354717996,38389.56633959333,-37.20420844307631,0.0
478,0.024318274318274317,98.8948496491914,-403.85946532199875,1.9969810551210947,-826.6766007937983,78327.1904609601,403.85946532199875,0.0
479,0.024369149369149367,98.89591287436392,-275.65232547323285,1.3630444181808319,-1102.3289262670312,105586.71578015856,275.65232547323285,0.0
480,0.02442002442002442,99.29993886855503,329.13297550213895,1.634144217349401,-773.1959507648922,72902.19728895319,-329.13297550213895,0.0
481,0.02447089947089947,99.33478515784695,-148.86824598463738,0.7393897615854733,-922.0641967495296,87689.25313090107,148.86824598463738,0.0
482,0.02452177452177452,99.55851889894758,224.09997931723296,1.115553101305425,-697.9642174322967,65377.07555169126,-224.09997931723296,0.0
483,0.024572649572649572,99.57289780359783,298.45684199416195,1.4859106313334616,-399.5073754381347,35657.377014390695,-298.45684199416195,0.0
484,0.02462352462352462,99.66376491216388,197.6059613889486,0.9847077040555154,-201.90141404918612,15962.238225576333,-197.6059613889486,0.0
485,0.024674399674399675,99.6549650193166,-251.89690539969556,1.2551388648040382,-453.79831944888167,41063.760382792294,251.89690539969556,0.0
488,0.024827024827024827,99.57398632520785,303.9838550013679,1.5134442110495088,-149.81446444751379,10793.36271759107,-303.9838550013679,0.0
490,0.02492877492877493,99.5450955395411,-447.35281760377273,2.2265889484125228,-597.1672820512865,55322.91509689312,447.35281760377273,0.0
492,0.02503052503052503,99.7722957775786,-16.144090793560963,0.0805366500857624,-613.3113728448475,56933.56756195828,16.144090793560963,0.0
496,0.025234025234025233,99.8970969396938,250.39815307662911,1.2507024285708153,-362.91321976821837,31918.26828811341,-250.39815307662911,0.0
497,0.025284900284900283,99.61050272520714,162.34059575659847,0.8085414178012201,-200.5726240116199,15746.631390671206,-162.34059575659847,0.0
498,0.025335775335775336,99.55813856324863,-297.7311895276217,1.4820781510795902,-498.3038135392416,45386.71233411193,297.7311895276217,0.0
499,0.025386650386650386,99.24768806930702,-77.44794998148728,0.3843264990684971,-575.7517635207289,53072.8579889828,77.44794998148728,0.0
500,0.025437525437525435,99.01520229581168,156.43511582427647,0.7744727319754732,-419.31664769645243,37582.628876741364,-156.43511582427647,0.0
502,0.025539275539275538,99.36698100055553,127.20430248915432,0.6319953754314358,-292.1123452072981,24942.089372737217,-127.20430248915432,0.0
503,0.02559015059015059,99.25493875867957,388.1424788728229,1.926252898508206,96.03013366552477,-13584.894850325407,-388.1424788728229,1.4210854715202004e-14
505,0.02569190069190069,98.56179099008587,-315.4078177929931,1.5543579706976038,-219.37768412746834,17500.71020565597,315.4078177929931,0.0
506,0.025742775742775743,98.47784786673594,-170.98129731788129,0.8418935092663729,-390.3589814453496,34337.73849747416,170.98129731788129,0.0
507,0.025793650793650792,98.85266598848564,-430.5144989621275,2.127875298455172,-820.8734804074771,76893.11659127913,430.5144989621275,0.0
508,0.025844525844525842,98.92022710589295,222.80679478119544,1.1020049370245968,-598.0666856262817,54851.91584585018,-222.80679478119544,0.0
509,0.025895400895400895,98.83348535691151,188.7065228245006,0.9325261680164484,-409.3601628017811,36200.45995935319,-188.7065228245006,0.0
510,0.025946275946275944,98.90571971561408,271.6194300500946,1.343235760892475,-137.7407327516865,9334.401505742797,-271.6194300500946,2.842170943040401e-14
511,0.025997150997150997,98.66383207278726,-129.05636473198985,0.6366597748920715,-266.79709748367634,22066.960343809333,129.05636473198985,0.0
516,0.026251526251526252,98.79614906376683,312.0402359333671,1.5414186831582954,45.243138449690775,-8762.954738039734,-312.0402359333671,1.4210854715202004e-14
517,0.0263024013024013,98.89989334505796,-182.8277988427891,0.9040824903031777,-137.58466039309832,9317.790985533517,182.8277988427891,0.0
520,0.026455026455026454,99.18584737414623,90.01591531757643,0.44641524189666043,-47.56874507552189,389.03973235841113,-90.01591531757643,0.0
521,0.026505901505901503,99.03504653529018,-232.40410657343378,1.1508075754746276,-279.97285164895567,23404.04043427549,232.40410657343378,0.0
522,0.026556776556776556,98.89727003209467,-224.19552873802337,1.1086162872796268,-504.16838038697904,45575.257563580744,224.19552873802337,0.0
525,0.026709401709401708,99.29376200197942,-26.10536666439816,0.1296050032274579,-530.2737470513772,48167.22802312668,26.10536666439816,0.0
526,0.026760276760276758,99.22491393014282,339.10831500918687,1.682399668489116,-191.16543204219033,14517.552253675865,-339.10831500918687,-2.842170943040401e-14
527,0.02681115181115181,99.45180707451189,338.62175850859717,1.683827289921448,147.45632646640684,-19160.677372043014,-338.62175850859717,-2.842170943040401e-14
529,0.026912901912901913,99.51280398891635,149.63489002623209,0.7445293740541743,297.0912164926389,-34052.00938250055,-149.63489002623209,0.0
530,0.026963776963776963,99.7575219053541,212.72232128572261,1.0610325812709123,509.81353777836154,-55273.72204050007,-212.72232128572261,0.0
531,0.027014652014652012,99.70098716395242,-104.68152647208734,0.5218425763548262,405.1320113062742,-44837.3923559799,104.68152647208734,0.0
533,0.027116402116402115,99.48396806277931,236.23567236429471,1.1750831042389345,641.3676836705689,-68340.22952386283,-236.23567236429471,0.0
534,0.027167277167277164,99.55468659799038,254.30381997476286,1.265856854912964,895.6715036453318,-93658.63247897703,-254.30381997476286,0.0
535,0.027218152218152217,99.31046368502538,-26.47215535683256,0.1314481011614535,869.1993482884992,-91029.80190384912,26.47215535683256,0.0
536,0.027269027269027267,99.40993474381325,206.29028633033283,1.025365195119047,1075.489634618832,-111538.13117142518,-206.29028633033283,0.0
539,0.02742165242165242,99.13208197052575,-36.95088681711513,0.18315091704189382,1038.538747801717,-107875.29598150434,36.95088681711513,0.0
540,0.027472527472527472,99.00988128656806,-16.256255446304408,0.08047649609513624,1022.2824923554125,-106265.84653609771,16.256255446304408,0.0
541,0.02752340252340252,98.74828865674864,-348.9517135788933,1.7229192269877815,673.3307787765192,-71809.18491556907,348.9517135788933,0.0
542,0.027574277574277575,98.6204227698909,-188.04922252729625,0.9272746913595623,485.28155624922294,-53264.61836306918,188.04922252729625,0.0
543,0.027625152625152624,98.65883681942789,-174.86894562247926,0.8626183385476796,310.4126106267437,-36013.114210454136,174.86894562247926,0.0
544,0.027676027676027674,98.63117315682452,-133.71153042032648,0.6594062554975615,176.7010802064172,-22825.648506758404,133.71153042032648,0.0
546,0.027777777777777776,98.5674996229915,-351.84580388680655,1.7340280570981974,-175.14472368038935,11853.178607148442,351.84580388680655,0.0
548,0.02787952787952788,98.44320351856257,218.1773683710378,1.0739039538847235,43.03264469064845,-9625.974374499914,-218.1773683710378,0.0
550,0.02798127798127798,98.6551468172838,-175.9388737809349,0.8678637711862848,-132.90622909028644,7730.433185454596,175.9388737809349,0.0
551,0.02803215303215303,98.71485133060035,-135.04969161316944,0.6665705114918724,-267.9559207034559,21061.17684478055,135.04969161316944,0.0
552,0.02808302808302808,98.80117666197988,-93.46627418090372,0.46172889336422585,-361.4221948843596,30295.292983171705,93.46627418090372,0.0
553,0.028133903133903133,98.84722276287931,-184.01831327760777,0.9094849602500504,-545.4405081619674,48484.082703212465,184.01831327760777,0.0
554,0.028184778184778183,99.16346708877619,166.52561669352747,0.8256628755213385,-378.9148914684399,31969.999529910172,-166.52561669352747,0.0
556,0.028286528286528285,99.10230894255281,-231.9521999072349,1.1493499287555782,-610.8670913756748,54955.84875509298,231.9521999072349,0.0
558,0.028388278388278388,98.82514795841288,-114.04003579292794,0.5635011705209402,-724.9071271686028,66225.30866434125,114.04003579292794,0.0
559,0.028439153439153438,98.6324287378256,18.69186142984222,0.0921811845228112,-706.2152657387605,64381.59279270051,-18.69186142984222,0.0
563,0.028642653642653643,98.54393969214865,-165.61774237667396,0.8160312408358386,-871.8330081154345,80701.40157817645,165.61774237667396,0.0
564,0.028693528693528692,98.42571208961269,-114.28678661003448,0.5624379177263128,-986.119794725469,91949.59749478498,114.28678661003448,0.0
565,0.028744403744403742,98.56492170959984,286.72405831800984,1.413046718018669,-699.3957364074591,63687.25008769358,-286.72405831800984,0.0
568,0.028897028897028897,98.55384585717407,175.76470023956108,0.8661143587271054,-523.6310361678981,46364.09679879274,-175.76470023956108,0.0
572,0.0291005291005291,98.43365489649939,-162.7074065385434,0.8007942352159706,-686.3384427064415,62379.18070887694,162.7074065385434,0.0
573,0.02915140415140415,98.47421667709824,168.6804073950259,0.8305335493499492,-517.6580353114156,45767.679188328606,-168.6804073950259,0.0
574,0.0292022792022792,98.33536883040497,179.29340880248162,0.8815441741726305,-338.36462650893395,28135.914160701825,-179.29340880248162,0.0
575,0.02925315425315425,98.36474637491833,-341.1480403273099,1.6778470231548124,-679.5126668362439,61691.17677677491,341.1480403273099,0.0
576,0.029304029304029304,98.14052542409506,21.68658600254662,0.10641664724723753,-657.8260808336972,59562.73741518291,-21.68658600254662,0.0
577,0.029354904354904354,98.34659432489723,-19.82081879944633,0.09746550128282223,-677.6468996331436,61511.94997533807,19.82081879944633,0.0
578,0.029405779405779403,98.53945128759064,68.40494725212238,0.337029298379036,-609.2419523810212,54771.02697845898,-68.40494725212238,0.0
581,0.02955840455840456,98.18484341970743,30.172427756111233,0.1481237547413108,-579.06952462491,51808.40375987802,-30.172427756111233,0.0
582,0.029609279609279608,98.00692464923782,15.03938797200476,0.0736982081871462,-564.0301366529052,50334.36589792691,-15.03938797200476,0.0
584,0.02971102971102971,97.79724141366998,212.81035950214817,1.0406133051780742,-351.219777150757,29521.05918106025,-212.81035950214817,0.0
586,0.02981277981277981,98.21442859875481,226.65380611402125,1.113033702861078,-124.56597103673576,7259.27209013583,-226.65380611402125,0.0
587,0.029863654863654863,98.03333842985657,-239.27248511039434,1.1728340254890053,-363.8384561471301,30714.779765890446,239.27248511039434,0.0
588,0.029914529914529912,97.90467241336917,165.58940988065405,0.8105988464744275,-198.24904626647606,14501.992237555422,-165.58940988065405,0.0
589,0.029965404965404965,97.9409299645476,357.701452381835,1.7516806447973132,159.45240611535894,-20533.37233903564,-357.701452381835,2.842170943040401e-14
590,0.030016280016280015,98.18893101221414,212.72433295278068,1.0443587426459926,372.1767390681396,-41421.59155069814,-212.72433295278068,0.0
592,0.030118030118030117,98.03923412571937,396.22033094052546,1.9422568895224093,768.3970700086651,-80268.67159803584,-396.22033094052546,0.0
593,0.030168905168905167,98.31990625231815,200.70836948096735,0.9866814035712173,969.1054394896324,-100003.28635086375,-200.70836948096735,0.0
594,0.03021978021978022,98.0654775835356,-238.44681099620675,1.1691700199307031,730.6586284934257,-76621.05512226962,238.44681099620675,0.0
595,0.03027065527065527,97.86861921368526,-257.8115719171059,1.2615831280418435,472.8470565763198,-51390.654144560795,257.8115719171059,0.0
596,0.03032153032153032,97.80366435572309,-199.7746243786471,0.9769345154759929,273.0724321976727,-31852.94076955641,199.7746243786471,0.0
597,0.030372405372405372,97.72387958921895,227.8023120427075,1.1130862856103616,500.8747442403802,-54115.779568049256,-227.8023120427075,0.0
598,0.03042328042328042,97.84864784323085,88.19347243723553,0.43148060132913724,589.0682166776157,-62745.82307523333,-88.19347243723553,0.0
600,0.030525030525030524,97.61365997369124,92.37338844493661,0.45084522651408704,681.4416051225523,-71763.17845074159,-92.37338844493661,0.0
601,0.030575905575905574,97.69271802725177,-183.22212245625775,0.8949733572736892,498.2194826662946,-53864.60627862508,183.22212245625775,0.0
603,0.030677655677655676,97.7997685457448,202.9920910955729,0.9926289762881887,701.2115737618675,-73718.17843336513,-202.9920910955729,0.0
604,0.030728530728530726,97.7035809737845,-125.57494816241763,0.613456105803278,575.6366255994499,-61449.669773405374,125.57494816241763,0.0
607,0.03088115588115588,97.8061996532503,-224.8425420523252,1.0995497279257023,350.79408354712467,-39459.77476461926,224.8425420523252,0.0
608,0.03093203093203093,97.87507517198742,161.23457291987023,0.7890422972427793,512.0286564669949,-55241.40975177209,-161.23457291987023,0.0
609,0.03098290598290598,97.61661419086482,-247.19641452545648,1.2065238513048289,264.8322419415384,-31112.139249526816,247.19641452545648,0.0
612,0.031135531135531132,97.57687837971932,-152.08640119477457,0.7420058136295858,112.74584074676386,-16272.76498274873,152.08640119477457,-1.4210854715202004e-14
613,0.031186406186406185,97.35920272113192,177.53377951578653,0.86422736148631,290.2796202625504,-33558.17643983642,-177.53377951578653,0.0
614,0.031237281237281235,97.42749175788578,333.3491802902549,1.6238687257613393,623.6288005528053,-66037.17482378897,-333.3491802902549,0.0
615,0.03128815628815629,97.30433344871858,131.33771422797804,0.6389864369815843,754.9665147807833,-78817.54254985764,-131.33771422797804,0.0
616,0.03133903133903134,97.10876446741415,184.56708717473657,0.8961540898444095,939.5336019555199,-96741.52050083567,-184.56708717473657,0.0
617,0.03138990638990639,97.21767686274775,194.23345836654346,0.9441462795706295,1133.7670603220633,-115625.39023852783,-194.23345836654346,0.0
618,0.03144078144078144,97.25462559081501,113.71077082872421,0.5529449221295271,1247.4778311507876,-126684.8416260405,-113.71077082872421,0.0
619,0.03149165649165649,97.16104930023752,191.09682866435037,0.9283584195487994,1438.574659815138,-145252.93837543603,-191.09682866435037,0.0
620,0.03154253154253154,97.3826322152839,53.32813278635899,0.25966169709309106,1491.902792601497,-150446.43197899495,-53.32813278635899,0.0
621,0.03159340659340659,97.31539686774164,-196.44548284072653,0.9558585062760215,1295.4573097607704,-131330.2177119808,196.44548284072653,0.0
623,0.03169515669515669,97.36153204069144,226.93842093606804,1.1047536170615455,1522.3957306968384,-153426.3948068288,-226.93842093606804,0.0
624,0.031746031746031744,97.26698454952835,83.35756664436144,0.4053969573441692,1605.7532973411999,-161534.73935066952,-83.35756664436144,0.0
625,0.0317969067969068,97.33899902235922,18.91591585129504,0.09206281572781186,1624.669213192495,-163376.0877280415,-18.91591585129504,0.0
626,0.03184778184778184,97.25763005713195,-164.34567377994017,0.7991935370989756,1460.3235394125547,-147393.01617959907,164.34567377994017,0.0
627,0.031898656898656896,97.19490606045078,-15.368519292424708,0.07468708944577225,1444.95502012013,-145899.34907777308,15.368519292424708,0.0
628,0.03194953194953195,97.40303304499507,50.23852951712411,0.24466925753441995,1495.1935496372541,-150792.978897719,-50.23852951712411,0.0
629,0.032000407000407,97.24419395397116,-251.90815270739972,1.2248302630232482,1243.2853969298544,-126297.59846751706,251.90815270739972,0.0
630,0.03205128205128205,96.87679099444907,-242.19880668895314,1.1731721587355344,1001.0865902409013,-102835.3284649651,242.19880668895314,0.0
631,0.0321021571021571,97.12207017996862,-96.46504990819994,0.4684442673549185,904.6215403327013,-93466.91156213409,96.46504990819994,0.0
632,0.032153032153032154,97.51145152422032,59.82439594605228,0.29167818426296194,964.4459362787536,-99300.7669255776,-59.82439594605228,0.0
634,0.032254782254782254,97.153890612806,-230.2114796805481,1.118297045734809,734.2344565982055,-76935.94430792716,230.2114796805481,0.0
637,0.032407407407407406,97.03427455783316,-220.55278065392747,1.0700589536233376,513.681675944278,-55535.835294414035,220.55278065392747,0.0
638,0.03245828245828246,96.86497032584687,-147.88476947432963,0.7162426903387823,365.7969064699484,-41211.69773032873,147.88476947432963,0.0
639,0.032509157509157505,96.95318127200512,-95.71051360275936,0.46397193874825204,270.08639286718903,-31932.722927302435,95.71051360275936,0.0
640,0.03256003256003256,97.03308952307798,106.35047053145888,0.5159757363950258,376.4368633986479,-42252.75363093935,-106.35047053145888,0.0
641,0.03261090761090761,96.80589093427373,116.98409304417913,0.5662374676139867,493.42095644282705,-53578.069220686695,-116.98409304417913,0.0
643,0.03271265771265771,97.22498034718308,177.9202206963634,0.8649144980285204,671.3411771391904,-70877.22409575514,-177.9202206963634,0.0
644,0.03276353276353276,97.25129707108651,-174.56378457113817,0.8488277235590452,496.7773925680523,-53901.518452297794,174.56378457113817,0.0
645,0.032814407814407816,97.19991111113632,66.01745776644873,0.3208445513341006,562.794850334501,-60318.73032353114,-66.01745776644873,0.0
646,0.03286528286528286,97.17833260107234,-142.29389835418044,0.6913941890682863,420.50095198032056,-46491.537936354485,142.29389835418044,0.0
647,0.032916157916157915,97.27227728865184,-135.7621063242193,0.6602944625830447,284.73884565610126,-33286.30897915617,135.7621063242193,0.0
649,0.033017908017908014,97.03365201786175,-113.87059285052322,0.5524639740862644,170.86825280557804,-22237.581961404972,113.87059285052322,0.0
650,0.03306878306878307,96.97429454127781,-170.86825280557804,0.8284914137660823,0.0,-5668.582177497094,170.86825280557804,0.0
652,0.033170533170533166,97.22946682596393,70.62289145959674,0.34333130411622564,70.62289145959674,-12535.551591125723,-70.62289145959674,0.0
655,0.033323158323158325,97.40553210176988,183.7851816214445,0.895084670412861,254.40807308104127,-30438.140084053353,-183.7851816214445,2.842170943040401e-14
656,0.03337403337403337,97.45444225028487,221.80523727494693,1.0807952843411026,476.2133103559882,-52055.12656615974,-221.80523727494693,0.0
657,0.033424908424908424,97.32171253758155,-261.21592343604914,1.2710990505441042,214.99738691993906,-26634.4166543282,261.21592343604914,2.842170943040401e-14
658,0.03347578347578348,97.34888580457077,144.89972281959,0.7052913284939113,359.89710973952907,-40740.94851553492,-144.89972281959,0.0
659,0.03352665852665852,97.53436338719239,270.74933954064437,1.3203682234799772,630.6464492801734,-67149.63335335795,-270.74933954064437,0.0
660,0.033577533577533576,97.48489808026659,-78.73375190996956,0.3837675890210188,551.9126973702039,-59474.66534052659,78.73375190996956,0.0
661,0.03362840862840863,97.22649630634267,-164.22178904974493,0.7983354583233004,387.69090832045896,-43508.754509518905,164.22178904974493,0.0
662,0.033679283679283675,97.22389499187948,-176.3487982848289,0.857265852319417,211.34211003563007,-26364.294728982884,176.3487982848289,0.0
663,0.03373015873015873,97.08639443855118,-245.7461648888117,1.1929304548078206,-34.404054853181634,-2506.8785632812796,245.7461648888117,7.105427357601002e-15
665,0.03383190883190883,97.02198768893763,-169.6750466364165,0.8231105142939161,-204.07910148959814,13954.508612082747,169.6750466364165,0.0
666,0.03388278388278388,96.76273431270634,171.58539616596204,0.8301536050573722,-32.49370532363611,-2649.3936426697546,-171.58539616596204,-7.105427357601002e-15
668,0.033984533984533986,96.59091923130148,158.45824397241694,0.7652813722536794,125.96453864878083,-17955.786369115598,-158.45824397241694,0.0
669,0.03403540903540903,96.51180115759666,91.26268069914238,0.44039628463724323,217.2272193479232,-26764.1524581451,-91.26268069914238,0.0
670,0.034086284086284085,96.12424075009983,71.24223241766856,0.34240527502452694,288.46945176559177,-33612.600363910664,-71.24223241766856,0.0
671,0.03413715913715914,96.24277460074238,242.5280864896339,1.1670787981185595,530.9975382552257,-56955.34340507997,-242.5280864896339,0.0
672,0.034188034188034185,96.28399489971403,-293.2054897193956,1.411549793835522,237.79204853583008,-28725.759078163366,293.2054897193956,-2.842170943040401e-14
673,0.03423890923890924,96.17627486728492,-92.2159397914775,0.44344927862650685,145.57610874435258,-19857.216954911855,92.2159397914775,0.0
675,0.03434065934065934,96.10386149647717,-59.477677408965604,0.28580172359216893,86.09843133538698,-14141.468284792069,59.477677408965604,0.0
678,0.03449328449328449,96.58063089914214,-211.5711632226503,1.021683821205447,-125.47273188726334,6291.186455495668,211.5711632226503,0.0
679,0.03454415954415954,96.63948411414152,-191.53004138032614,0.9254682195677447,-317.0027732675895,24799.625378630997,191.53004138032614,0.0
680,0.034595034595034595,96.61425121003927,127.71127610699591,0.6169364656077995,-189.29149716059356,12460.279130009401,-127.71127610699591,0.0
682,0.034696784696784694,96.83324910646634,-204.37716930926092,0.9895252673699055,-393.6686664698545,32249.79495214014,204.37716930926092,0.0
688,0.035002035002035,97.15411077216518,-22.286776392899412,0.10826259712151128,-415.9554428627539,34414.938631973244,22.286776392899412,0.0
690,0.035103785103785104,97.01965035744155,-57.989032020309196,0.28130378055884403,-473.9444748830631,40040.73293936957,57.989032020309196,0.0
691,0.03515466015466015,97.06755594911724,166.76466336472726,0.8093719145745683,-307.17981151833584,23852.48527596363,-166.76466336472726,0.0
692,0.0352055352055352,97.03020743599583,-167.4740736034484,0.8125022050946916,-474.65388512178424,40101.71687565237,167.4740736034484,0.0
693,0.035256410256410256,97.175352317776,196.56501266893758,0.9550637179726056,-278.08887245284666,20999.487452482284,-196.56501266893758,0.0
694,0.03530728530728531,96.83267056638601,-180.1103919529284,0.872028512478029,-458.19926440577507,38439.18567353039,180.1103919529284,0.0
696,0.03540903540903541,96.58863035674474,20.02951808226061,0.09673118591356024,-438.16974632351446,36504.46522407327,-20.02951808226061,0.0
697,0.03545991045991046,96.23766066247782,-59.81348575499135,0.2878154972564404,-497.9832320785058,42260.48735370482,59.81348575499135,0.0
698,0.03551078551078551,96.09232398763784,-156.92397065813418,0.7539594514954002,-654.90720273664,57338.92242416133,156.92397065813418,0.0
699,0.03556166056166056,95.95450653880343,128.49346186235982,0.6164763363232647,-526.4137408742802,45008.77922135971,-128.49346186235982,0.0
700,0.03561253561253561,95.92430795280445,58.350303711158574,0.27986062511644216,-468.0634371631216,39411.28685840575,-58.350303711158574,0.0
701,0.03566341066341066,96.09205888770543,240.45147302830125,1.155273855293552,-227.61196413482034,16304.654478679418,-240.45147302830125,0.0
702,0.03571428571428571,96.05519135284912,142.89255060614386,0.6862785645684912,-84.71941352867648,2578.396908745026,-142.89255060614386,-1.4210854715202004e-14
704,0.03581603581603581,95.8915274694106,84.71941352867648,0.4061936984788719,0.0,-5545.883254530891,-84.71941352867648,0.0
708,0.036019536019536016,95.8498915983071,135.34055180068418,0.6486188609475323,135.34055180068418,-18518.90909234248,-135.34055180068418,0.0
710,0.03612128612128612,95.91413266343913,275.72713689427377,1.322306459349381,411.06768869495795,-44966.36058578944,-275.72713689427377,0.0
711,0.03617216117216117,95.91215583957853,191.43207782825868,0.9180331640679137,602.4997665232166,-63327.94190031178,-191.43207782825868,0.0
714,0.03632478632478632,95.86040201247734,101.61014535852325,0.48701946913071487,704.1099118817399,-73068.8183023952,-101.61014535852325,0.0
715,0.036375661375661374,95.82879164851525,-139.18047803195225,0.6668748515432353,564.9294338497876,-59731.988146382035,139.18047803195225,0.0
716,0.03642653642653643,95.64620514910624,-98.58406419196774,0.47145958140688027,466.3453696578199,-50303.26797782584,98.58406419196774,0.0
717,0.03647741147741147,95.41191186816269,-170.41960299989228,0.8130030071016499,295.9257666579276,-34044.020838799945,170.41960299989228,0.0
719,0.03657916157916158,95.46220401850292,27.887323495995247,0.1331092682552344,323.8130901539229,-36706.33931317289,-27.887323495995247,0.0
720,0.03663003663003663,95.3092676552734,-106.8869705600599,0.5093659442985038,216.92611959386298,-26519.52979314711,106.8869705600599,0.0
721,0.03668091168091168,95.29496099211889,119.36814487366777,0.5687591354718883,336.29426446753075,-37895.281261720345,-119.36814487366777,0.0
723,0.036782661782661784,95.12289701591995,-197.5512544797097,0.939582381761961,138.74300998782104,-19104.573208862887,197.5512544797097,0.0
724,0.03683353683353683,94.89983851659322,-94.74668189032559,0.4495722405687463,43.99632809749545,-10113.577969728529,94.74668189032559,7.105427357601002e-15
725,0.03688441188441188,94.76258184405845,83.90363393759199,0.39754624890124907,127.89996203508744,-18064.90049400241,-83.90363393759199,0.0
726,0.036935286935286936,94.98018528682736,-127.89996203508744,0.6073981046135395,0.0,-5917.545799836233,127.89996203508744,0.0
729,0.03708791208791209,94.96696322832871,133.7455296512681,0.6350703398172662,133.7455296512681,-18619.587666521373,-133.7455296512681,0.0
732,0.03724053724053724,94.8758193564026,-133.7455296512681,0.634460835546005,0.0,-5931.005416436819,133.7455296512681,0.0
733,0.03729141229141229,94.95762602962795,66.63544799649577,0.3163771975583983,66.63544799649577,-12258.865744802344,-66.63544799649577,0.0
734,0.03734228734228734,94.92974227274945,-154.89503683235597,0.7352072962911793,-88.2595888358602,2444.544973724951,154.89503683235597,-1.4210854715202004e-14
735,0.03739316239316239,94.97126068490992,-45.321584512734574,0.21521240087060456,-133.58117334859477,6748.577778736171,45.321584512734574,0.0
736,0.037444037444037445,94.9949041083731,-134.90206943906506,0.6407504575192539,-268.48324278765983,19562.946178663726,134.90206943906506,0.0
737,0.03749491249491249,95.11098916341959,38.97585217432513,0.18535159268936405,-229.5073906133347,15855.728973283756,-38.97585217432513,0.0
740,0.03764753764753764,94.65559645908552,22.753517590299765,0.10768738895260592,-206.75387302303494,13701.873506842685,-22.753517590299765,0.0
742,0.03774928774928775,94.9815159146175,-15.821907461274662,0.07513943776663323,-222.5757804843096,15204.587122737583,15.821907461274662,0.0
744,0.03785103785103785,94.55332195337823,-39.42043551092152,0.18636665652032733,-261.9962159952311,18931.733886487607,39.42043551092152,0.0
745,0.0379019129019129,94.56809310419912,100.27353317786961,0.4741338410725886,-161.72268281736152,9448.582931194762,-100.27353317786961,0.0
747,0.038003663003663,94.97399999109315,95.18581309383931,0.4520088705963245,-66.5368697235222,407.9535103976759,-95.18581309383931,0.0
749,0.038105413105413107,94.99570234776672,-44.81911456170526,0.2128811633197105,-111.35598428522746,4665.363895628566,44.81911456170526,0.0
750,0.03815628815628815,94.8627362982853,-83.0562202334846,0.3939470158970678,-194.41220451871206,12543.910266554027,83.0562202334846,0.0
751,0.038207163207163206,94.86451717890719,-108.01374202169237,0.5123335742787443,-302.4259465404044,22790.06941855463,108.01374202169237,0.0
753,0.038308913308913305,94.66921903953245,-89.588714271519,0.4240646807420259,-392.0146608119234,31270.938968714407,89.588714271519,0.0
754,0.03835978835978836,94.97413566659729,38.063531430490855,0.18075254990146142,-353.95112938143257,27655.707218135278,-38.063531430490855,0.0
755,0.03841066341066341,95.24063299345296,-21.543757031305688,0.10259205283593532,-375.49488641273825,29707.44568280115,21.543757031305688,0.0
756,0.03846153846153846,95.41064415853754,-111.42635586355482,0.5315630194590101,-486.92124227629307,40338.17450896189,111.42635586355482,0.0
757,0.03851241351241351,95.2729530820488,-32.70411837048147,0.15579089675503255,-519.6253606467745,43453.83665316579,32.70411837048147,0.0
759,0.038614163614163616,95.4968202120475,98.40984780823675,0.4698913771619071,-421.2155128385378,34055.53921855048,-98.40984780823675,0.0
760,0.03866503866503866,95.56323663222938,44.36720526531724,0.2119936867740102,-376.84830757322055,29815.453489383504,-44.36720526531724,0.0
761,0.038715913715913715,95.75089317337279,-15.071794739065183,0.07215689039956162,-391.92010231228574,31258.519140484335,15.071794739065183,0.0
762,0.03876678876678877,95.84648309855727,-167.59048578560146,0.8031479331664326,-559.5105880978872,47320.67465587982,167.59048578560146,0.0
763,0.038817663817663814,95.95792390493254,-176.28261272918508,0.8457856769014918,-735.7932008270723,64235.54240823275,176.28261272918508,0.0
765,0.03891941391941392,96.10540927093626,-21.866737507808807,0.10507558788040491,-757.6599383348811,66336.94909025297,21.866737507808807,0.0
766,0.038970288970288966,95.83688043630148,253.0234743772993,1.2124490230737412,-504.6364639575818,42086.756179755066,-253.0234743772993,0.0
767,0.03902116402116402,95.84953375774602,105.31094377514148,0.5047002430217759,-399.3255201824403,31992.246619076526,-105.31094377514148,0.0
768,0.03907203907203907,95.76599263331617,-97.63774838337963,0.4675187946208156,-496.96326856581993,41342.15499269822,97.63774838337963,0.0
769,0.03912291412291412,95.57393449479906,-80.54563880804221,0.38490318036407856,-577.5089073738621,49039.833696799426,80.54563880804221,0.0
770,0.03917378917378917,95.82657259354743,-31.353401128017595,0.1502244484624295,-608.8623085018797,52044.172441599556,31.353401128017595,0.0
771,0.039224664224664224,96.08699178872935,-33.137798895545984,0.15920557051864456,-642.0001073974257,55228.12464640193,33.137798895545984,0.0
772,0.03927553927553928,96.29222928237705,176.86366196385558,0.8515298144772205,-465.13644543357015,38196.67682704304,-176.86366196385558,0.0
773,0.03932641432641432,96.33087735317451,-91.2883042190519,0.4396941218752386,-556.424749652622,46990.11957042594,91.2883042190519,0.0
774,0.039377289377289376,96.53533370509608,-22.372309748484327,0.10798591936618543,-578.7970594011064,49149.72997183028,22.372309748484327,0.0
775,0.03942816442816443,96.53723716295912,213.19139259176586,1.0290454013866412,-365.6056668093405,28567.79289869607,-213.19139259176586,0.0
777,0.03952991452991453,96.40256251615467,-198.12524640611718,0.954989072634713,-563.7309132154577,47666.619362317695,198.12524640611718,0.0
778,0.03958078958078958,96.46271314394804,-246.5854889631603,1.1893152643656748,-810.316402178618,71451.73533436682,246.5854889631603,0.0
779,0.03963166463166463,96.47193163155366,209.1516356574822,1.008863114788812,-601.1647665211358,51273.46417547579,-209.1516356574822,0.0
780,0.03968253968253968,96.27501151001063,22.884355621614645,0.11015958004350632,-578.2804108995211,49070.16241502562,-22.884355621614645,0.0
