step,time_years,customer_side,quantity,price,fair_value,cash_flow,option_inventory_after
0,0.0,sell,6,3.12,3.1443255641263264,-1872.12,6
1,5.087505087505087e-05,buy,8,3.18,3.1689670459351262,2543.84,-2
2,0.00010175010175010175,buy,5,3.11,3.0825256758948427,1554.9,-7
3,0.00015262515262515263,sell,6,3.13,3.143621514682316,-1878.12,-1
4,0.0002035002035002035,sell,7,3.2,3.2214908858374116,-2240.14,6
5,0.00025437525437525436,buy,6,3.0700000000000003,3.059355698131405,1841.8800000000003,0
6,0.00030525030525030525,buy,4,2.97,2.953933421911721,1187.92,-4
13,0.0006613756613756613,sell,3,2.99,3.002554616211995,-897.0600000000001,-1
14,0.0007122507122507122,sell,2,3.0700000000000003,3.093512338144926,-614.04,1
15,0.0007631257631257631,buy,5,3.15,3.1313823188009096,1574.9,-4
16,0.000814000814000814,sell,5,3.0500000000000003,3.0601558869048375,-1525.1000000000001,1
17,0.0008648758648758648,buy,4,3.11,3.0896555394664347,1243.92,-3
19,0.0009666259666259666,buy,4,3.11,3.0817496595463965,1243.92,-7
20,0.0010175010175010174,buy,5,3.11,3.0770051719656593,1554.9,-12
21,0.0010683760683760683,sell,6,3.06,3.0612418612012817,-1836.12,-6
24,0.001221001221001221,buy,4,3.12,3.090960315255799,1247.92,-10
25,0.0012718762718762718,sell,5,3.0500000000000003,3.0552517798890406,-1525.1000000000001,-5
26,0.0013227513227513227,sell,4,3.0100000000000002,3.025974598307137,-1204.08,-1
28,0.0014245014245014244,buy,3,3.12,3.0979757974653737,935.94,-4
30,0.0015262515262515263,buy,3,3.19,3.1665978423065297,956.94,-7
31,0.001577126577126577,buy,1,3.38,3.3480749410338007,337.98,-8
33,0.0016788766788766788,sell,2,3.2600000000000002,3.2678274307320407,-652.04,-6
35,0.0017806267806267804,sell,9,3.24,3.249674404456563,-2916.1800000000003,3
36,0.0018315018315018315,buy,6,3.36,3.345870036829716,2015.88,-3
37,0.0018823768823768823,sell,8,3.3200000000000003,3.3353532279685183,-2656.16,5
38,0.0019332519332519332,sell,5,3.23,3.2625806340242605,-1615.0999999999997,10
39,0.001984126984126984,sell,7,3.16,3.1921375373106287,-2212.14,17
42,0.0021367521367521365,sell,4,3.31,3.3556558106792593,-1324.08,21
44,0.002238502238502238,buy,5,3.31,3.316844144318381,1654.9,16
45,0.0022893772893772895,buy,5,3.3200000000000003,3.3262538332314193,1659.9000000000003,11
46,0.0023402523402523403,buy,3,3.35,3.3445184534381127,1004.9400000000002,8
48,0.002442002442002442,sell,3,3.41,3.438993368568866,-1023.06,11
49,0.002492877492877493,buy,4,3.5,3.4985940880217115,1399.92,7
50,0.0025437525437525437,buy,4,3.5100000000000002,3.503970171208884,1403.92,3
51,0.0025946275946275945,buy,7,3.54,3.5292038259702707,2477.86,-4
52,0.0026455026455026454,buy,5,3.61,3.5855000936397445,1804.9,-9
54,0.002747252747252747,buy,3,3.46,3.4253415329221752,1037.94,-12
55,0.002798127798127798,buy,4,3.42,3.38339294129009,1367.92,-16
56,0.0028490028490028487,sell,4,3.33,3.327162997340352,-1332.08,-12
58,0.002950752950752951,buy,4,3.47,3.4324507996199713,1387.92,-16
59,0.0030016280016280017,sell,3,3.36,3.3558951396627776,-1008.06,-13
60,0.0030525030525030525,sell,6,3.44,3.4401813377307775,-2064.12,-7
62,0.003154253154253154,buy,7,3.29,3.263365779551741,2302.86,-14
65,0.0033068783068783067,sell,4,3.39,3.3877943221001914,-1356.08,-10
66,0.0033577533577533575,sell,4,3.45,3.457107425548145,-1380.08,-6
68,0.003459503459503459,buy,6,3.41,3.3842547074667735,2045.88,-12
69,0.00351037851037851,sell,3,3.46,3.459288147422839,-1038.06,-9
71,0.003612128612128612,sell,2,3.3200000000000003,3.3291810618106723,-664.04,-7
73,0.003713878713878714,buy,8,3.18,3.152869194668064,2543.84,-15
75,0.0038156288156288155,sell,4,3.21,3.2054094293007154,-1284.08,-11
76,0.0038665038665038664,sell,6,3.2600000000000002,3.2635643396115697,-1956.1200000000001,-5
77,0.003917378917378918,buy,8,3.25,3.226422911862727,2599.84,-13
79,0.004019129019129019,sell,7,3.29,3.2922424760339553,-2303.14,-6
81,0.004120879120879121,buy,4,3.33,3.30363774613339,1331.92,-10
82,0.004171754171754171,sell,4,3.24,3.246088361688713,-1296.08,-6
83,0.004222629222629223,buy,4,3.24,3.214492289895219,1295.92,-10
85,0.004324379324379324,sell,3,3.08,3.0809720643546186,-924.06,-7
89,0.004527879527879528,sell,4,3.11,3.1207156445635036,-1244.08,-3
91,0.004629629629629629,buy,2,3.24,3.213000520908004,647.96,-5
93,0.004731379731379731,sell,4,3.16,3.1675121046499726,-1264.08,-1
94,0.004782254782254782,buy,9,3.18,3.160133808234221,2861.82,-10
96,0.004884004884004884,sell,6,2.9,2.902212646240393,-1740.1199999999997,-4
98,0.004985754985754986,sell,4,2.71,2.7200989898676653,-1084.08,0
99,0.005036630036630036,buy,4,2.77,2.7500354664848743,1107.92,-4
101,0.005138380138380138,buy,3,2.68,2.6512670062864103,803.9400000000002,-7
102,0.005189255189255189,buy,3,2.7800000000000002,2.749238805581392,833.94,-10
105,0.005341880341880342,sell,7,2.7,2.7050156704485104,-1890.1400000000003,-3
106,0.005392755392755392,sell,11,2.67,2.6887575616685595,-2937.2199999999993,8
107,0.005443630443630444,buy,9,2.63,2.616770423920947,2366.82,-1
109,0.005545380545380545,buy,4,2.67,2.652914620047447,1067.92,-5
114,0.005799755799755799,buy,6,2.45,2.423963936817813,1469.88,-11
115,0.00585063085063085,sell,4,2.42,2.4284084838268853,-968.08,-7
116,0.005901505901505902,buy,6,2.42,2.390464476965697,1451.88,-13
120,0.006105006105006105,sell,8,2.5,2.5029242553411564,-2000.16,-5
121,0.006155881155881155,buy,5,2.45,2.4289855701508287,1224.9,-10
122,0.006206756206756207,buy,5,2.47,2.441053422594983,1234.9000000000003,-15
123,0.006257631257631257,buy,5,2.49,2.4560732691873994,1244.9,-20
124,0.006308506308506308,sell,7,2.56,2.5538092033227073,-1792.1400000000003,-13
129,0.006562881562881563,sell,8,2.61,2.611621696186873,-2088.16,-5
130,0.006613756613756613,sell,9,2.5300000000000002,2.542508806733977,-2277.1800000000003,4
132,0.006715506715506715,sell,5,2.39,2.4140919900098865,-1195.1,9
134,0.006817256817256817,buy,3,2.45,2.4420776815908454,734.94,6
135,0.006868131868131868,sell,5,2.31,2.338131987224564,-1155.1,11
138,0.00702075702075702,sell,3,2.31,2.3455816699364433,-693.06,14
142,0.007224257224257224,buy,9,2.66,2.657010683799996,2393.82,5
144,0.007326007326007326,sell,7,2.49,2.517329534835582,-1743.14,12
146,0.007427757427757428,buy,7,2.43,2.427580277334485,1700.8600000000001,5
148,0.007529507529507529,buy,6,2.39,2.3731249848181193,1433.88,-1
149,0.00758038258038258,buy,4,2.47,2.447919018043507,987.9200000000001,-5
150,0.007631257631257631,sell,7,2.44,2.4585073351048337,-1708.1399999999999,2
152,0.007733007733007733,buy,6,2.39,2.372489238677602,1433.88,-4
153,0.007783882783882783,sell,5,2.24,2.2564899789174504,-1120.1,1
154,0.007834757834757835,sell,3,2.2,2.223082904845718,-660.06,4
155,0.007885632885632885,sell,4,2.19,2.2188254696762826,-876.08,8
157,0.007987382987382987,sell,5,2.32,2.3470715965250974,-1160.1,13
160,0.00814000814000814,sell,8,2.2600000000000002,2.2966175899092605,-1808.1600000000003,21
161,0.00819088319088319,buy,6,2.23,2.230418011639614,1337.88,15
164,0.008343508343508343,buy,5,2.27,2.26779365459992,1134.9,10
168,0.008547008547008546,sell,3,2.32,2.3514363280939676,-696.0599999999998,13
169,0.008597883597883597,buy,5,2.35,2.339856083188316,1174.9,8
170,0.008648758648758649,sell,2,2.31,2.3363570473728217,-462.04,10
171,0.0086996336996337,buy,7,2.3000000000000003,2.290481991637847,1609.8600000000001,3
172,0.00875050875050875,sell,9,2.3000000000000003,2.3205517363537993,-2070.1800000000003,12
173,0.0088013838013838,sell,6,2.2600000000000002,2.2885459490414206,-1356.1200000000001,18
174,0.008852258852258852,sell,4,2.17,2.2049196205232917,-868.08,22
177,0.009004884004884004,sell,6,2.19,2.234754757821335,-1314.12,28
179,0.009106634106634107,buy,6,2.23,2.2362245988538234,1337.88,22
180,0.009157509157509158,buy,4,2.25,2.2549238952085986,899.92,18
181,0.009208384208384207,buy,3,2.34,2.3441962371425475,701.94,15
182,0.009259259259259259,sell,3,2.32,2.358874797093506,-696.0599999999998,18
183,0.00931013431013431,sell,6,2.29,2.3295218198279883,-1374.12,24
184,0.009361009361009361,buy,4,2.4,2.4066297546498987,959.92,20
185,0.00941188441188441,buy,2,2.43,2.436573521776346,485.96000000000004,18
186,0.009462759462759462,buy,4,2.5500000000000003,2.5477276760917533,1019.9200000000001,14
188,0.009564509564509565,buy,5,2.47,2.4701946194310054,1234.9000000000003,9
192,0.009768009768009768,buy,4,2.61,2.6021989275053485,1043.92,5
193,0.00981888481888482,sell,6,2.5500000000000003,2.5728694284695024,-1530.12,11
194,0.009869759869759869,buy,4,2.69,2.682617811413003,1075.92,7
195,0.00992063492063492,sell,7,2.57,2.5980077433555735,-1799.1399999999999,14
196,0.009971509971509971,buy,6,2.5300000000000002,2.5308032704368344,1517.8800000000003,8
197,0.010022385022385023,buy,4,2.59,2.577842945386294,1035.92,4
198,0.010073260073260072,buy,2,2.56,2.5478274222783313,511.96,2
199,0.010124135124135123,buy,6,2.56,2.546771569542919,1535.88,-4
200,0.010175010175010175,sell,3,2.52,2.534011346830397,-756.06,-1
204,0.010378510378510378,sell,4,2.7,2.718795003260574,-1080.08,3
205,0.01042938542938543,sell,2,2.54,2.5624526084299504,-508.04,5
209,0.010632885632885633,sell,4,2.32,2.343794493441294,-928.0799999999999,9
210,0.010683760683760684,sell,9,2.29,2.319786250391978,-2061.18,18
211,0.010734635734635734,buy,5,2.38,2.3834672415723404,1189.8999999999999,13
213,0.010836385836385836,sell,7,2.2600000000000002,2.291440792456008,-1582.1400000000003,20
214,0.010887260887260887,buy,3,2.2600000000000002,2.2575082697853546,677.9400000000002,17
216,0.010989010989010988,buy,4,2.3000000000000003,2.302637382651163,919.9200000000001,13
217,0.01103988603988604,buy,6,2.34,2.3394723644707014,1403.88,7
218,0.01109076109076109,buy,2,2.45,2.4338210403305425,489.96000000000004,5
220,0.011192511192511191,sell,7,2.35,2.3717488352877467,-1645.14,12
221,0.011243386243386243,sell,10,2.32,2.355266132190579,-2320.2,22
222,0.011294261294261294,buy,4,2.37,2.371718732420881,947.92,18
223,0.011345136345136345,sell,4,2.34,2.383567571883958,-936.08,22
224,0.011396011396011395,buy,3,2.3000000000000003,2.306693638321228,689.94,19
225,0.011446886446886446,sell,5,2.27,2.3123143414034857,-1135.1,24
227,0.011548636548636549,buy,6,2.5,2.5075499562698695,1499.88,18
230,0.0117012617012617,buy,5,2.56,2.5600811612972265,1279.9,13
233,0.011853886853886853,buy,8,2.44,2.430446098430444,1951.84,5
236,0.012006512006512007,sell,6,2.39,2.4156404027758285,-1434.12,11
237,0.012057387057387056,sell,7,2.23,2.264025787048851,-1561.14,18
239,0.012159137159137159,buy,3,2.18,2.179554762372291,653.9400000000002,15
240,0.01221001221001221,sell,6,2.11,2.1436287210275182,-1266.12,21
241,0.01226088726088726,sell,1,2.04,2.085450225269703,-204.02,22
242,0.01231176231176231,buy,5,2.08,2.0786688209344746,1039.9,17
244,0.012413512413512413,sell,6,1.84,1.8756221853241115,-1104.12,23
247,0.012566137566137565,sell,6,1.82,1.8583451648105438,-1092.12,29
252,0.01282051282051282,buy,3,2.07,2.0761694869189995,620.9399999999999,26
253,0.012871387871387871,buy,7,2.18,2.1897812362612186,1525.8600000000001,19
256,0.013024013024013023,sell,4,2.12,2.157288973686306,-848.08,23
257,0.013074888074888075,buy,11,2.18,2.185741836922098,2397.78,12
259,0.013176638176638176,buy,8,2.16,2.1502641553342343,1727.84,4
260,0.013227513227513227,sell,6,2.04,2.0594342457261234,-1224.12,10
262,0.01332926332926333,buy,5,2.04,2.025694077178187,1019.8999999999999,5
263,0.013380138380138379,sell,5,2.0100000000000002,2.039895713709683,-1005.1000000000001,10
264,0.01343101343101343,buy,4,2.0100000000000002,2.0038010971321967,803.9200000000001,6
266,0.013532763532763533,buy,5,2.11,2.09813379865772,1054.9,1
268,0.013634513634513633,buy,5,2.15,2.1301978764623897,1074.9,-4
269,0.013685388685388685,sell,6,2.12,2.133047775023037,-1272.12,2
270,0.013736263736263736,buy,4,2.15,2.1323808888414177,859.92,-2
271,0.013787138787138787,sell,5,2.07,2.0842494392121225,-1035.1,3
273,0.013888888888888888,buy,2,2.11,2.0972466083864063,421.96,1
274,0.01393976393976394,buy,9,2.2600000000000002,2.2369506064428464,2033.8200000000004,-8
276,0.01404151404151404,buy,4,2.4,2.3727298499464595,959.92,-12
278,0.014143264143264143,buy,4,2.27,2.2399802199215557,907.92,-16
279,0.014194139194139194,buy,6,2.36,2.322142545822679,1415.88,-22
280,0.014245014245014244,sell,5,2.34,2.34001097021401,-1170.1,-17
281,0.014295889295889295,sell,6,2.37,2.3734882506944643,-1422.12,-11
282,0.014346764346764346,sell,5,2.24,2.250295989421879,-1120.1,-6
284,0.014448514448514449,buy,5,2.37,2.3455937926526644,1184.9000000000003,-11
285,0.014499389499389498,sell,9,2.2600000000000002,2.2670175967661876,-2034.1800000000005,-2
288,0.014652014652014652,buy,3,2.2800000000000002,2.2542188787310096,683.9400000000002,-5
289,0.014702889702889702,buy,5,2.2600000000000002,2.2334116317591537,1129.9,-10
291,0.014804639804639804,sell,7,2.2,2.207733701641125,-1540.1400000000003,-3
292,0.014855514855514855,sell,4,2.2,2.217465566411164,-880.0800000000002,1
294,0.014957264957264956,buy,4,2.16,2.1421134947857112,863.92,-3
297,0.01510989010989011,sell,1,2.14,2.1558508996345367,-214.02,-2
298,0.01516076516076516,sell,8,2.11,2.130319267366623,-1688.16,6
299,0.01521164021164021,sell,5,1.99,2.0149547836290864,-995.0999999999999,11
300,0.015262515262515262,buy,2,2.04,2.0353588189382705,407.96,9
301,0.015313390313390313,buy,6,2.16,2.1482207140296268,1295.88,3
302,0.015364265364265363,buy,9,2.06,2.046516599321116,1853.82,-6
303,0.015415140415140414,sell,1,2.09,2.102315945591762,-209.02,-5
304,0.015466015466015465,sell,3,2.07,2.080035805178582,-621.0599999999998,-2
305,0.015516890516890517,sell,7,2.06,2.075344597899843,-1442.14,5
306,0.015567765567765566,buy,5,2.02,2.00658107397566,1009.9,0
307,0.015618640618640618,sell,4,1.96,1.9846149820196786,-784.08,4
308,0.01566951566951567,sell,9,2.04,2.0676098722519782,-1836.18,13
309,0.01572039072039072,buy,9,2.11,2.1052177102357987,1898.8199999999997,4
312,0.015873015873015872,buy,4,2.35,2.3327681375663545,939.92,0
313,0.01592389092389092,sell,6,2.44,2.4581740016579374,-1464.12,6
315,0.016025641025641024,sell,3,2.52,2.5512286660577317,-756.06,9
316,0.016076516076516077,buy,5,2.54,2.5282089560611496,1269.9,4
317,0.016127391127391127,buy,7,2.5500000000000003,2.532508650905797,1784.8600000000001,-3
318,0.016178266178266176,buy,8,2.5,2.479770172230417,1999.84,-11
321,0.016330891330891332,buy,6,2.56,2.5219264186064123,1535.88,-17
322,0.01638176638176638,sell,6,2.5100000000000002,2.5069609510750297,-1506.1200000000001,-11
323,0.01643264143264143,buy,5,2.63,2.5947722361806242,1314.8999999999999,-16
325,0.016534391534391533,sell,3,2.8000000000000003,2.794942756092915,-840.06,-13
326,0.016585266585266583,buy,5,2.89,2.853348608411295,1444.9,-18
329,0.01673789173789174,buy,7,2.67,2.62830365017593,1868.8599999999997,-25
330,0.016788766788766788,buy,3,2.64,2.587804316715882,791.94,-28
332,0.01689051689051689,sell,4,2.77,2.754041217409153,-1108.08,-24
336,0.017094017094017092,buy,5,2.58,2.526902931405786,1289.9,-29
339,0.017246642246642244,buy,3,2.65,2.585192969416802,794.9399999999999,-32
340,0.017297517297517297,buy,4,2.7,2.6313121040880247,1079.92,-36
341,0.017348392348392347,sell,4,2.47,2.4572882253457635,-988.0800000000002,-32
342,0.0173992673992674,buy,5,2.54,2.47915503006584,1269.9,-37
343,0.01745014245014245,sell,8,2.5,2.4838150810084443,-2000.16,-29
344,0.0175010175010175,buy,5,2.57,2.514068009865163,1284.9,-34
346,0.0176027676027676,sell,3,2.49,2.4792433668069904,-747.0600000000001,-31
347,0.017653642653642655,buy,7,2.5,2.434813768756001,1749.86,-38
350,0.017806267806267807,sell,5,2.49,2.46856721769133,-1245.1,-33
352,0.017908017908017906,buy,5,2.63,2.558486921340389,1314.8999999999999,-38
353,0.01795889295889296,sell,3,2.5300000000000002,2.5145887391787127,-759.0600000000001,-35
354,0.018009768009768008,buy,10,2.65,2.575595852995157,2649.8,-45
355,0.01806064306064306,sell,3,2.68,2.6574399022778437,-804.0600000000001,-42
357,0.01816239316239316,buy,10,2.7800000000000002,2.6926711592495565,2779.8000000000006,-52
358,0.018213268213268213,sell,3,2.74,2.7133161208569874,-822.0600000000001,-49
361,0.018365893365893365,sell,6,2.65,2.620093155623316,-1590.1199999999997,-43
365,0.018569393569393567,sell,1,2.65,2.632747550152253,-265.02,-42
366,0.01862026862026862,sell,3,2.77,2.7488421625086374,-831.06,-39
367,0.01867114367114367,buy,7,2.77,2.689085902577382,1938.86,-46
368,0.018722018722018723,buy,4,2.72,2.6240683339955524,1087.92,-50
373,0.018976393976393977,buy,3,2.99,2.8802177155704243,896.9400000000002,-53
374,0.019027269027269027,buy,7,3.0700000000000003,2.9495402176393455,2148.86,-60
375,0.019078144078144076,sell,2,3.04,2.995522809776574,-608.04,-58
377,0.01917989417989418,sell,8,3.22,3.177343652380806,-2576.16,-50
379,0.01928164428164428,sell,5,3.17,3.140916613188125,-1585.1,-45
380,0.01933251933251933,buy,2,3.21,3.100380914746225,641.96,-47
381,0.019383394383394384,buy,5,3.22,3.1090249509013006,1609.9000000000003,-52
382,0.019434269434269433,buy,3,3.35,3.2233345139568357,1004.9400000000002,-55
383,0.019485144485144483,sell,5,3.12,3.0822506325269146,-1560.1000000000001,-50
384,0.019536019536019536,buy,6,3.09,2.9746420896560224,1853.88,-56
385,0.019586894586894586,sell,5,2.88,2.840701020601138,-1440.0999999999997,-51
386,0.01963776963776964,buy,7,2.88,2.7753812407674516,2015.86,-58
387,0.019688644688644688,sell,7,2.85,2.8103118550466846,-1995.14,-51
388,0.019739519739519738,sell,2,2.88,2.8524865220146793,-576.04,-49
390,0.01984126984126984,sell,5,2.79,2.7586037525548193,-1395.1,-44
391,0.01989214489214489,buy,9,2.66,2.5760932302723347,2393.82,-53
392,0.019943019943019943,buy,6,2.68,2.5795636053311526,1607.8800000000003,-59
393,0.019993894993894992,buy,1,2.65,2.5426922666281655,264.98,-60
400,0.02035002035002035,sell,9,2.74,2.7023910267348796,-2466.1800000000003,-51
401,0.0204008954008954,sell,6,2.72,2.6874168561710974,-1632.12,-45
402,0.020451770451770452,buy,6,2.79,2.7023227967129557,1673.8800000000003,-51
403,0.0205026455026455,buy,8,2.87,2.7673930687773236,2295.84,-59
404,0.02055352055352055,sell,3,2.77,2.734976947977948,-831.06,-56
405,0.020604395604395604,sell,4,2.81,2.776267105274414,-1124.08,-52
406,0.020655270655270654,sell,8,2.7800000000000002,2.754069073525365,-2224.16,-44
407,0.020706145706145707,buy,3,2.84,2.7438883352369743,851.94,-47
408,0.020757020757020756,buy,6,2.91,2.8104052864883684,1745.88,-53
410,0.02085877085877086,sell,4,2.58,2.548595399443812,-1032.08,-49
411,0.020909645909645908,buy,8,2.5300000000000002,2.43600795008507,2023.8400000000001,-57
413,0.02101139601139601,sell,5,2.24,2.2175856171404646,-1120.1,-52
414,0.02106227106227106,sell,5,2.29,2.269586040020755,-1145.1,-47
418,0.021265771265771265,sell,7,2.46,2.436020149273176,-1722.14,-40
420,0.021367521367521368,buy,5,2.61,2.5314528217054075,1304.9,-45
421,0.021418396418396417,sell,6,2.56,2.537779883691641,-1536.12,-39
423,0.02152014652014652,sell,4,2.45,2.4283363505985704,-980.0800000000002,-35
425,0.021621896621896623,buy,8,2.32,2.2551250617310146,1855.8399999999997,-43
427,0.02172364672364672,sell,7,2.3000000000000003,2.285363057338273,-1610.1400000000003,-36
428,0.021774521774521775,sell,6,2.42,2.4097491042602357,-1452.12,-30
433,0.02202889702889703,buy,4,2.34,2.2835525745534824,935.92,-34
434,0.02207977207977208,sell,5,2.17,2.1546174053562126,-1085.1,-29
435,0.02213064713064713,buy,3,2.27,2.218282854487015,680.94,-32
436,0.02218152218152218,sell,4,2.19,2.1754728698186554,-876.08,-28
438,0.022283272283272284,sell,12,2.07,2.0651463619825563,-2484.2399999999993,-16
439,0.022334147334147333,sell,4,2.02,2.0211193583502904,-808.08,-12
442,0.022486772486772486,buy,5,2.09,2.0565379624046543,1044.9,-17
444,0.022588522588522588,sell,6,2.17,2.1692428551262495,-1302.12,-11
448,0.02279202279202279,sell,7,2.08,2.09241857321539,-1456.14,-4
449,0.022842897842897843,sell,4,2.15,2.1678107719670336,-860.08,0
450,0.022893772893772892,sell,5,2.17,2.193708246552376,-1085.1,5
451,0.022944647944647945,sell,4,2.16,2.1838693448647817,-864.08,9
453,0.023046398046398044,buy,8,2.36,2.34628703625701,1887.84,1
454,0.023097273097273097,buy,3,2.52,2.5005192110561865,755.94,-2
455,0.023148148148148147,sell,4,2.49,2.5050864994713606,-996.0800000000002,2
456,0.023199023199023196,sell,6,2.49,2.5166071972690105,-1494.1200000000001,8
457,0.02324989824989825,buy,7,2.61,2.5991834620140466,1826.86,1
458,0.0233007733007733,sell,5,2.5100000000000002,2.5328522842339183,-1255.1,6
468,0.023809523809523808,buy,5,2.2600000000000002,2.244073256356785,1129.9,1
470,0.02391127391127391,sell,1,2.23,2.25286961238411,-223.02,2
471,0.02396214896214896,sell,4,2.25,2.277008475198876,-900.08,6
472,0.024013024013024013,sell,4,2.22,2.247204720973791,-888.0800000000002,10
475,0.024165649165649165,sell,5,2.25,2.2822458956901883,-1125.1,15
476,0.024216524216524215,buy,5,2.2600000000000002,2.2572135205457258,1129.9,10
477,0.024267399267399268,buy,1,2.34,2.3333177789591915,233.98,9
478,0.024318274318274317,sell,9,2.22,2.2502013716751392,-1998.18,18
479,0.024369149369149367,sell,6,2.21,2.2499320442512527,-1326.12,24
480,0.02442002442002442,buy,8,2.43,2.439576704584553,1943.8400000000001,16
481,0.02447089947089947,sell,3,2.42,2.455684992874346,-726.06,19
482,0.02452177452177452,buy,5,2.56,2.5649755809761388,1279.9,14
483,0.024572649572649572,buy,6,2.57,2.5713791141477103,1541.8799999999999,8
484,0.02462352462352462,buy,4,2.63,2.616228762465596,1051.92,4
485,0.024674399674399675,sell,5,2.59,2.6110167058128297,-1295.1,9
488,0.024827024827024827,buy,6,2.58,2.568064080073505,1547.88,3
490,0.02492877492877493,sell,9,2.5300000000000002,2.5521172813177984,-2277.1800000000003,12
496,0.025234025234025233,buy,5,2.73,2.7263005595726852,1364.9,7
497,0.025284900284900283,buy,3,2.59,2.579377032400288,776.94,4
498,0.025335775335775336,sell,6,2.5300000000000002,2.5524276510168207,-1518.1200000000001,10
499,0.025386650386650386,sell,2,2.37,2.399829508044384,-474.04,12
500,0.025437525437525435,buy,3,2.3000000000000003,2.2891315473198333,689.94,9
502,0.025539275539275538,buy,3,2.46,2.455175089302358,737.94,6
503,0.02559015059015059,buy,8,2.41,2.4002314211092894,1927.84,-2
505,0.02569190069190069,sell,7,2.06,2.080243812762177,-1442.14,5
506,0.025742775742775743,sell,4,2.02,2.042871776239245,-808.08,9
507,0.025793650793650792,sell,9,2.18,2.208863368404991,-1962.18,18
508,0.025844525844525842,buy,5,2.24,2.2390465790279848,1119.9,13
509,0.025895400895400895,buy,4,2.2,2.198603919995506,879.9200000000001,9
510,0.025946275946275944,buy,6,2.24,2.230851455821167,1343.8800000000003,3
511,0.025997150997150997,sell,3,2.1,2.12078232700604,-630.0600000000001,6
516,0.026251526251526252,buy,7,2.19,2.17633266339309,1532.86,-1
517,0.0263024013024013,sell,4,2.2,2.222826935153016,-880.0800000000002,3
520,0.026455026455026454,buy,2,2.37,2.354104023661975,473.96,1
521,0.026505901505901503,sell,5,2.2600000000000002,2.282282979449171,-1130.1,6
522,0.026556776556776556,sell,5,2.19,2.217796890077679,-1095.1,11
526,0.026760276760276758,buy,7,2.38,2.3680931592650865,1665.86,4
527,0.02681115181115181,buy,7,2.49,2.477296198930624,1742.86,-3
529,0.026912901912901913,buy,3,2.5300000000000002,2.505830574359287,758.9400000000002,-6
530,0.026963776963776963,buy,4,2.66,2.6280165373297066,1063.92,-10
531,0.027014652014652012,sell,2,2.59,2.598507824667486,-518.04,-8
533,0.027116402116402115,buy,5,2.52,2.4884596033248343,1259.9,-13
534,0.027167277167277164,buy,5,2.56,2.5227185778073604,1279.9,-18
536,0.027269027269027267,buy,4,2.49,2.449762397007305,995.9200000000001,-22
541,0.02752340252340252,sell,7,2.14,2.1356654973368236,-1498.14,-15
542,0.027574277574277575,sell,4,2.07,2.0779979402839146,-828.0799999999999,-11
543,0.027625152625152624,sell,4,2.09,2.0942258144146493,-836.08,-7
544,0.027676027676027674,sell,3,2.07,2.081218661928091,-621.0599999999998,-4
546,0.027777777777777776,sell,8,2.04,2.0516902621767485,-1632.16,4
548,0.02787952787952788,buy,5,2.0100000000000002,1.9962148434657294,1004.9000000000001,-1
550,0.02798127798127798,sell,4,2.07,2.087241244285309,-828.0799999999999,3
551,0.02803215303215303,sell,3,2.09,2.1130324842512707,-627.06,6
552,0.02808302808302808,sell,2,2.12,2.151040551224341,-424.04,8
553,0.028133903133903133,sell,4,2.14,2.1711366438568263,-856.08,12
554,0.028184778184778183,buy,4,2.32,2.3171265929670923,927.9199999999998,8
556,0.028286528286528285,sell,5,2.2600000000000002,2.286718275800567,-1130.1,13
558,0.028388278388278388,sell,3,2.12,2.1572647894576633,-636.06,16
563,0.028642653642653643,sell,4,1.99,2.0284322569138453,-796.08,20
564,0.028693528693528692,sell,3,1.94,1.976556654716262,-582.06,23
565,0.028744403744403742,buy,7,2.0300000000000002,2.036062478187702,1420.86,16
568,0.028897028897028897,buy,4,2.0300000000000002,2.02893004564185,811.9200000000001,12
572,0.0291005291005291,sell,4,1.94,1.9738736194386135,-776.08,16
573,0.02915140415140415,buy,4,2.0,1.9905593103540085,799.92,12
574,0.0292022792022792,buy,4,1.94,1.930486677994999,775.92,8
575,0.02925315425315425,sell,8,1.9100000000000001,1.9421779343335714,-1528.16,16
578,0.029405779405779403,buy,2,2.02,2.01499829878842,403.96,14
584,0.02971102971102971,buy,5,1.71,1.704198678810286,854.9000000000001,9
586,0.02981277981277981,buy,6,1.8800000000000001,1.8707050374981478,1127.88,3
587,0.029863654863654863,sell,6,1.77,1.7957517492822035,-1062.12,9
588,0.029914529914529912,buy,4,1.76,1.7434888670864694,703.92,5
589,0.029965404965404965,buy,9,1.77,1.7571576453797064,1592.82,-4
590,0.030016280016280015,buy,5,1.8800000000000001,1.8571119379403385,939.9,-9
592,0.030118030118030117,buy,10,1.82,1.7943818518589083,1819.8,-19
593,0.030168905168905167,buy,4,1.95,1.9095073964112146,779.92,-23
594,0.03021978021978022,sell,5,1.8,1.803510845922908,-900.1,-18
595,0.03027065527065527,sell,6,1.72,1.7240235647801256,-1032.12,-12
596,0.03032153032153032,sell,5,1.69,1.6978131775997127,-845.0999999999999,-7
597,0.030372405372405372,buy,6,1.69,1.6661405454449039,1013.88,-13
598,0.03042328042328042,buy,2,1.74,1.7139334099387682,347.96,-15
600,0.030525030525030524,buy,3,1.6500000000000001,1.6218345673429369,494.94,-18
601,0.030575905575905574,sell,5,1.6500000000000001,1.6512124864752877,-825.1,-13
603,0.030677655677655676,buy,5,1.72,1.6910956430073156,859.9,-18
604,0.030728530728530726,sell,3,1.6500000000000001,1.6531627390536912,-495.06,-15
607,0.03088115588115588,sell,6,1.68,1.690626763086101,-1008.12,-9
608,0.03093203093203093,buy,4,1.74,1.7168676699333574,695.92,-13
609,0.03098290598290598,sell,6,1.61,1.616337009007637,-966.12,-7
612,0.031135531135531132,sell,4,1.58,1.59914794036289,-632.08,-3
613,0.031186406186406185,buy,5,1.54,1.5180255571306915,769.9,-8
614,0.031237281237281235,buy,9,1.57,1.5422146421130378,1412.82,-17
615,0.03128815628815629,buy,4,1.53,1.496762590828581,611.92,-21
616,0.03133903133903134,buy,6,1.46,1.426867054585287,875.88,-27
617,0.03138990638990639,buy,5,1.5,1.4643958838520135,749.9,-32
618,0.03144078144078144,buy,3,1.52,1.476807794591835,455.94000000000005,-35
619,0.03149165649165649,buy,6,1.49,1.442998087566238,893.88,-41
621,0.03159340659340659,sell,5,1.51,1.496408645662214,-755.1,-36
623,0.03169515669515669,buy,6,1.56,1.5116222330994944,935.88,-42
624,0.031746031746031744,buy,3,1.53,1.4768946495395028,458.94,-45
626,0.03184778184778184,sell,4,1.48,1.4721180556202,-592.08,-41
629,0.032000407000407,sell,6,1.47,1.4651769387622622,-882.12,-35
630,0.03205128205128205,sell,5,1.34,1.3379234049268582,-670.1,-30
631,0.0321021571021571,sell,4,1.42,1.4208065407301405,-568.08,-26
634,0.032254782254782254,sell,5,1.43,1.4297590186164726,-715.1,-21
637,0.032407407407407406,sell,6,1.3800000000000001,1.3862267921298717,-828.1200000000001,-15
638,0.03245828245828246,sell,4,1.32,1.328382673032916,-528.08,-11
639,0.032509157509157505,sell,3,1.34,1.3572365138470701,-402.06000000000006,-8
640,0.03256003256003256,buy,3,1.41,1.3836898449154127,422.93999999999994,-11
641,0.03261090761090761,buy,4,1.33,1.3067452540539044,531.92,-15
643,0.03271265771265771,buy,4,1.48,1.448274271841754,591.92,-19
644,0.03276353276353276,sell,5,1.45,1.4568702227356312,-725.1,-14
645,0.032814407814407816,buy,2,1.47,1.4379939108547717,293.96,-16
646,0.03286528286528286,sell,4,1.42,1.4296979159682124,-568.08,-12
647,0.032916157916157915,sell,4,1.45,1.4621538899664586,-580.08,-8
649,0.033017908017908014,sell,3,1.36,1.3774803341987578,-408.06,-5
650,0.03306878306878307,sell,5,1.34,1.3565902089973285,-670.1,0
652,0.033170533170533166,buy,2,1.46,1.4433559228241322,291.96,-2
655,0.033323158323158325,buy,5,1.53,1.5042494563202595,764.9,-7
656,0.03337403337403337,buy,6,1.55,1.5213610783001599,929.8800000000001,-13
657,0.033424908424908424,sell,7,1.46,1.4725378678136778,-1022.1399999999999,-6
658,0.03347578347578348,buy,4,1.51,1.481566127134485,603.92,-10
659,0.03352665852665852,buy,7,1.58,1.548608486641811,1105.86,-17
660,0.033577533577533576,sell,2,1.52,1.5295939004107595,-304.04,-15
661,0.03362840862840863,sell,4,1.43,1.435791436249552,-572.08,-11
662,0.033679283679283675,sell,5,1.42,1.4341501660531009,-710.1,-6
663,0.03373015873015873,sell,7,1.37,1.385560541370623,-959.14,1
665,0.03383190883190883,sell,5,1.34,1.3620969180972438,-670.1,6
666,0.03388278388278388,buy,5,1.29,1.2751848924854698,644.9,1
668,0.033984533984533986,buy,5,1.24,1.2188319780923322,619.9,-4
669,0.03403540903540903,buy,3,1.22,1.1934128406058768,365.94,-7
670,0.034086284086284085,buy,3,1.1,1.0767282112130871,329.94,-10
671,0.03413715913715914,buy,8,1.1400000000000001,1.110646537073528,911.8400000000001,-18
672,0.034188034188034185,sell,10,1.11,1.122185680550217,-1110.2000000000003,-8
673,0.03423890923890924,sell,3,1.07,1.0898304771917324,-321.06,-5
675,0.03434065934065934,sell,2,1.05,1.0675801771017923,-210.04,-3
678,0.03449328449328449,sell,7,1.19,1.2087147547531067,-833.14,4
679,0.03454415954415954,sell,6,1.2,1.2265829317280108,-720.1199999999999,10
680,0.034595034595034595,buy,4,1.23,1.2179113040688705,491.92,6
682,0.034696784696784694,sell,6,1.26,1.2869787632660774,-756.12,12
690,0.035103785103785104,sell,2,1.32,1.3434118742892487,-264.04,14
691,0.03515466015466015,buy,5,1.37,1.3589769285338704,684.9,9
692,0.0352055352055352,sell,5,1.32,1.3455524097984863,-660.1,14
693,0.035256410256410256,buy,6,1.41,1.394660558863606,845.8799999999999,8
694,0.03530728530728531,sell,6,1.25,1.278317287507285,-750.12,14
697,0.03545991045991046,sell,3,1.06,1.0918048060258414,-318.06,17
698,0.03551078551078551,sell,6,1.02,1.049164127259239,-612.12,23
699,0.03556166056166056,buy,4,1.02,1.0097987363276815,407.92,19
700,0.03561253561253561,buy,2,1.01,1.000810648477831,201.96,17
701,0.03566341066341066,buy,9,1.06,1.047113700580777,953.8200000000002,8
702,0.03571428571428571,buy,5,1.05,1.0360061488345451,524.9,3
704,0.03581603581603581,buy,3,1.01,0.9892379335484911,302.94,0
708,0.036019536019536016,buy,5,1.0,0.9753423774854006,499.9,-5
710,0.03612128612128612,buy,10,1.01,0.9915508356258655,1009.8,-15
711,0.03617216117216117,buy,7,1.02,0.9903626808485484,713.86,-22
714,0.03632478632478632,buy,4,1.0,0.9743337420514351,399.92,-26
715,0.036375661375661374,sell,5,0.96,0.965159766702623,-480.1,-21
716,0.03642653642653643,sell,3,0.91,0.9163167580469285,-273.06,-18
717,0.03647741147741147,sell,6,0.85,0.8564647048789027,-510.11999999999995,-12
719,0.03657916157916158,buy,1,0.89,0.8677067510890275,88.98,-13
720,0.03663003663003663,sell,4,0.8200000000000001,0.8296226575912264,-328.08,-9
721,0.03668091168091168,buy,5,0.85,0.8255792748482982,424.9,-14
723,0.036782661782661784,sell,8,0.77,0.7838346594086794,-616.16,-6
724,0.03683353683353683,sell,4,0.72,0.7329378293124158,-288.08,-2
725,0.03688441188441188,buy,4,0.72,0.7026495220741253,287.92,-6
726,0.036935286935286936,sell,6,0.73,0.7496218664948202,-438.12,0
729,0.03708791208791209,buy,6,0.76,0.7449434171448246,455.88000000000005,-6
732,0.03724053724053724,sell,6,0.71,0.723131338358403,-426.12,0
733,0.03729141229141229,buy,3,0.76,0.7405685199294503,227.94000000000003,-3
734,0.03734228734228734,sell,7,0.72,0.7338226085767054,-504.14,4
735,0.03739316239316239,sell,2,0.72,0.7424512810764057,-144.04,6
736,0.037444037444037445,sell,6,0.72,0.7471519194107792,-432.12,12
737,0.03749491249491249,buy,2,0.79,0.7728765832913531,157.96,10
744,0.03785103785103785,sell,3,0.62,0.6488240961526905,-186.06,13
745,0.0379019129019129,buy,5,0.67,0.6512639346811753,334.9,8
747,0.038003663003663,buy,5,0.75,0.7361522097096618,374.9,3
749,0.038105413105413107,sell,2,0.72,0.7398215710112197,-144.04,5
750,0.03815628815628815,sell,4,0.6900000000000001,0.7100824402347321,-276.08,9
751,0.038207163207163206,sell,5,0.6900000000000001,0.7099000353027343,-345.1,14
753,0.038308913308913305,sell,5,0.64,0.6675442434863648,-320.1,19
754,0.03835978835978836,buy,3,0.74,0.7321486141021794,221.93999999999997,16
756,0.03846153846153846,sell,4,0.8,0.8323379490717997,-320.08,20
757,0.03851241351241351,sell,2,0.77,0.7987105488673372,-154.04,22
759,0.038614163614163616,buy,5,0.86,0.8516570778383645,429.9,17
760,0.03866503866503866,buy,2,0.88,0.8676061821462362,175.96,15
762,0.03876678876678877,sell,6,0.91,0.9396379788412403,-546.12,21
763,0.038817663817663814,sell,6,0.9400000000000001,0.9690167612678131,-564.12,27
766,0.038970288970288966,buy,8,0.9400000000000001,0.9344970362786533,751.84,19
767,0.03902116402116402,buy,4,0.9500000000000001,0.9372146628519928,379.92,15
768,0.03907203907203907,sell,4,0.89,0.9145250353301613,-356.08,19
769,0.03912291412291412,sell,4,0.84,0.8646651496743338,-336.08,23
772,0.03927553927553928,buy,7,1.07,1.057129202159782,748.86,16
773,0.03932641432641432,sell,3,1.04,1.0677233016485737,-312.06,19
775,0.03942816442816443,buy,7,1.1400000000000001,1.1279891952060197,797.86,12
777,0.03952991452991453,sell,7,1.06,1.0861062502138132,-742.14,19
778,0.03958078958078958,sell,8,1.07,1.103363571660271,-856.16,27
779,0.03963166463166463,buy,7,1.11,1.1054376712440686,776.86,20
